frame_uri,lap_var
gs://live-deepfake-methods-real-and-fake-frames-cropped-teams/samples/edge_cases_0001/frames/real/frame_0002.jpg,94.972082
gs://live-deepfake-methods-real-and-fake-frames-cropped-teams/samples/edge_cases_0004/frames/real/frame_0010.jpg,149.444234
gs://live-deepfake-methods-real-and-fake-frames-cropped-teams/samples/edge_cases_0004/frames/real/frame_0014.jpg,62.720856
gs://live-deepfake-methods-real-and-fake-frames-cropped-teams/samples/edge_cases_0007/frames/real/frame_0000.jpg,54.206458
gs://live-deepfake-methods-real-and-fake-frames-cropped-teams/samples/edge_cases_0007/frames/real/frame_0006.jpg,53.433619
gs://live-deepfake-methods-real-and-fake-frames-cropped-teams/samples/edge_cases_0007/frames/real/frame_0010.jpg,56.273957
gs://live-deepfake-methods-real-and-fake-frames-cropped-teams/samples/edge_cases_0007/frames/real/frame_0012.jpg,56.851493
gs://live-deepfake-methods-real-and-fake-frames-cropped-teams/samples/edge_cases_0007/frames/real/frame_0014.jpg,49.305206
gs://live-deepfake-methods-real-and-fake-frames-cropped-teams/samples/edge_cases_0031/frames/real/frame_0008.jpg,50.574662
gs://live-deepfake-methods-real-and-fake-frames-cropped-teams/samples/edge_cases_0034/frames/real/frame_0000.jpg,76.230728
gs://live-deepfake-methods-real-and-fake-frames-cropped-teams/samples/edge_cases_0034/frames/real/frame_0002.jpg,73.345096
gs://live-deepfake-methods-real-and-fake-frames-cropped-teams/samples/edge_cases_0034/frames/real/frame_0008.jpg,79.518267
gs://live-deepfake-methods-real-and-fake-frames-cropped-teams/samples/edge_cases_0034/frames/real/frame_0014.jpg,91.309347
gs://live-deepfake-methods-real-and-fake-frames-cropped-teams/samples/edge_cases_0035/frames/real/frame_0000.jpg,21.526918
gs://live-deepfake-methods-real-and-fake-frames-cropped-teams/samples/edge_cases_0035/frames/real/frame_0002.jpg,24.448346
gs://live-deepfake-methods-real-and-fake-frames-cropped-teams/samples/edge_cases_0035/frames/real/frame_0010.jpg,135.077399
gs://live-deepfake-methods-real-and-fake-frames-cropped-teams/samples/edge_cases_0041/frames/real/frame_0004.jpg,409.249183
gs://live-deepfake-methods-real-and-fake-frames-cropped-teams/samples/edge_cases_0046/frames/real/frame_0002.jpg,101.332914
gs://live-deepfake-methods-real-and-fake-frames-cropped-teams/samples/edge_cases_0046/frames/real/frame_0006.jpg,67.463113
gs://live-deepfake-methods-real-and-fake-frames-cropped-teams/samples/edge_cases_0046/frames/real/frame_0008.jpg,70.904490
gs://live-deepfake-methods-real-and-fake-frames-cropped-teams/samples/edge_cases_0046/frames/real/frame_0010.jpg,78.293214
gs://live-deepfake-methods-real-and-fake-frames-cropped-teams/samples/edge_cases_0049/frames/real/frame_0006.jpg,298.609722
gs://live-deepfake-methods-real-and-fake-frames-cropped-teams/samples/edge_cases_0053/frames/real/frame_0010.jpg,191.977553
gs://live-deepfake-methods-real-and-fake-frames-cropped-teams/samples/edge_cases_0062/frames/real/frame_0008.jpg,103.165886
gs://live-deepfake-methods-real-and-fake-frames-cropped-teams/samples/edge_cases_0062/frames/real/frame_0012.jpg,96.965769
gs://live-deepfake-methods-real-and-fake-frames-cropped-teams/samples/edge_cases_0062/frames/real/frame_0014.jpg,95.436998
gs://live-deepfake-methods-real-and-fake-frames-cropped-teams/samples/edge_cases_0063/frames/real/frame_0000.jpg,63.350108
gs://live-deepfake-methods-real-and-fake-frames-cropped-teams/samples/edge_cases_0063/frames/real/frame_0008.jpg,127.069060
gs://live-deepfake-methods-real-and-fake-frames-cropped-teams/samples/edge_cases_0063/frames/real/frame_0014.jpg,80.914639
gs://live-deepfake-methods-real-and-fake-frames-cropped-teams/samples/edge_cases_0064/frames/real/frame_0002.jpg,110.771691
gs://live-deepfake-methods-real-and-fake-frames-cropped-teams/samples/edge_cases_0066/frames/real/frame_0008.jpg,88.902668
gs://live-deepfake-methods-real-and-fake-frames-cropped-teams/samples/edge_cases_0066/frames/real/frame_0014.jpg,80.149110
gs://live-deepfake-methods-real-and-fake-frames-cropped-teams/samples/edge_cases_0067/frames/real/frame_0002.jpg,172.307673
gs://live-deepfake-methods-real-and-fake-frames-cropped-teams/samples/edge_cases_0080/frames/real/frame_0008.jpg,99.323640
gs://live-deepfake-methods-real-and-fake-frames-cropped-teams/samples/edge_cases_0080/frames/real/frame_0010.jpg,86.539788
gs://live-deepfake-methods-real-and-fake-frames-cropped-teams/samples/edge_cases_0091/frames/real/frame_0004.jpg,44.996281
gs://live-deepfake-methods-real-and-fake-frames-cropped-teams/samples/edge_cases_0091/frames/real/frame_0006.jpg,58.894924
gs://live-deepfake-methods-real-and-fake-frames-cropped-teams/samples/edge_cases_0091/frames/real/frame_0012.jpg,43.482851
gs://live-deepfake-methods-real-and-fake-frames-cropped-teams/samples/edge_cases_0091/frames/real/frame_0014.jpg,46.436241
gs://live-deepfake-methods-real-and-fake-frames-cropped-teams/samples/edge_cases_0094/frames/real/frame_0004.jpg,80.298304
gs://live-deepfake-methods-real-and-fake-frames-cropped-teams/samples/edge_cases_0094/frames/real/frame_0014.jpg,51.421153
gs://live-deepfake-methods-real-and-fake-frames-cropped-teams/samples/edge_cases_0101/frames/real/frame_0006.jpg,164.659357
gs://live-deepfake-methods-real-and-fake-frames-cropped-teams/samples/edge_cases_0107/frames/real/frame_0000.jpg,101.359566
gs://live-deepfake-methods-real-and-fake-frames-cropped-teams/samples/edge_cases_0107/frames/real/frame_0012.jpg,108.387995
gs://live-deepfake-methods-real-and-fake-frames-cropped-teams/samples/edge_cases_0118/frames/real/frame_0004.jpg,116.855974
gs://live-deepfake-methods-real-and-fake-frames-cropped-teams/samples/edge_cases_0120/frames/real/frame_0000.jpg,211.227703
gs://live-deepfake-methods-real-and-fake-frames-cropped-teams/samples/edge_cases_0121/frames/real/frame_0008.jpg,70.870295
gs://live-deepfake-methods-real-and-fake-frames-cropped-teams/samples/edge_cases_0128/frames/real/frame_0000.jpg,50.584003
gs://live-deepfake-methods-real-and-fake-frames-cropped-teams/samples/edge_cases_0128/frames/real/frame_0008.jpg,67.770624
gs://live-deepfake-methods-real-and-fake-frames-cropped-teams/samples/edge_cases_0145/frames/real/frame_0004.jpg,115.433499
gs://live-deepfake-methods-real-and-fake-frames-cropped-teams/samples/edge_cases_0145/frames/real/frame_0010.jpg,72.209543
gs://live-deepfake-methods-real-and-fake-frames-cropped-teams/samples/edge_cases_0186/frames/real/frame_0002.jpg,227.477941
gs://live-deepfake-methods-real-and-fake-frames-cropped-teams/samples/edge_cases_0195/frames/real/frame_0000.jpg,354.970067
gs://live-deepfake-methods-real-and-fake-frames-cropped-teams/samples/edge_cases_0198/frames/real/frame_0000.jpg,56.824752
gs://live-deepfake-methods-real-and-fake-frames-cropped-teams/samples/edge_cases_0198/frames/real/frame_0014.jpg,97.648350
gs://live-deepfake-methods-real-and-fake-frames-cropped-teams/samples/edge_cases_0212/frames/real/frame_0000.jpg,34.389824
gs://live-deepfake-methods-real-and-fake-frames-cropped-teams/samples/edge_cases_0212/frames/real/frame_0002.jpg,36.985777
gs://live-deepfake-methods-real-and-fake-frames-cropped-teams/samples/edge_cases_0212/frames/real/frame_0006.jpg,37.129761
gs://live-deepfake-methods-real-and-fake-frames-cropped-teams/samples/edge_cases_0212/frames/real/frame_0010.jpg,33.813987
gs://live-deepfake-methods-real-and-fake-frames-cropped-teams/samples/edge_cases_0231/frames/real/frame_0004.jpg,138.460910
gs://live-deepfake-methods-real-and-fake-frames-cropped-teams/samples/edge_cases_0233/frames/real/frame_0006.jpg,149.772325
gs://live-deepfake-methods-real-and-fake-frames-cropped-teams/samples/edge_cases_0234/frames/real/frame_0002.jpg,116.151887
gs://live-deepfake-methods-real-and-fake-frames-cropped-teams/samples/edge_cases_0238/frames/real/frame_0006.jpg,60.635852
gs://live-deepfake-methods-real-and-fake-frames-cropped-teams/samples/edge_cases_0242/frames/real/frame_0008.jpg,81.009582
gs://live-deepfake-methods-real-and-fake-frames-cropped-teams/samples/edge_cases_0252/frames/real/frame_0014.jpg,88.925262
gs://live-deepfake-methods-real-and-fake-frames-cropped-teams/samples/edge_cases_0253/frames/real/frame_0006.jpg,106.391109
gs://live-deepfake-methods-real-and-fake-frames-cropped-teams/samples/edge_cases_0253/frames/real/frame_0014.jpg,106.044373
gs://live-deepfake-methods-real-and-fake-frames-cropped-teams/samples/edge_cases_0265/frames/real/frame_0004.jpg,29.714242
gs://live-deepfake-methods-real-and-fake-frames-cropped-teams/samples/edge_cases_0269/frames/real/frame_0000.jpg,59.366324
gs://live-deepfake-methods-real-and-fake-frames-cropped-teams/samples/edge_cases_0269/frames/real/frame_0002.jpg,57.286158
gs://live-deepfake-methods-real-and-fake-frames-cropped-teams/samples/edge_cases_0269/frames/real/frame_0004.jpg,60.758969
gs://live-deepfake-methods-real-and-fake-frames-cropped-teams/samples/edge_cases_0269/frames/real/frame_0008.jpg,92.389250
gs://live-deepfake-methods-real-and-fake-frames-cropped-teams/samples/edge_cases_0269/frames/real/frame_0012.jpg,73.340840
gs://live-deepfake-methods-real-and-fake-frames-cropped-teams/samples/edge_cases_0274/frames/real/frame_0000.jpg,30.417666
gs://live-deepfake-methods-real-and-fake-frames-cropped-teams/samples/edge_cases_0274/frames/real/frame_0002.jpg,31.966452
gs://live-deepfake-methods-real-and-fake-frames-cropped-teams/samples/edge_cases_0274/frames/real/frame_0004.jpg,35.268551
gs://live-deepfake-methods-real-and-fake-frames-cropped-teams/samples/edge_cases_0274/frames/real/frame_0006.jpg,61.682475
gs://live-deepfake-methods-real-and-fake-frames-cropped-teams/samples/edge_cases_0274/frames/real/frame_0012.jpg,63.899129
gs://live-deepfake-methods-real-and-fake-frames-cropped-teams/samples/edge_cases_0300/frames/real/frame_0000.jpg,105.835308
gs://live-deepfake-methods-real-and-fake-frames-cropped-teams/samples/edge_cases_0300/frames/real/frame_0002.jpg,96.431957
gs://live-deepfake-methods-real-and-fake-frames-cropped-teams/samples/edge_cases_0300/frames/real/frame_0004.jpg,95.497645
gs://live-deepfake-methods-real-and-fake-frames-cropped-teams/samples/edge_cases_0302/frames/real/frame_0002.jpg,82.985388
gs://live-deepfake-methods-real-and-fake-frames-cropped-teams/samples/edge_cases_0302/frames/real/frame_0004.jpg,121.616671
gs://live-deepfake-methods-real-and-fake-frames-cropped-teams/samples/edge_cases_0305/frames/real/frame_0000.jpg,68.682935
gs://live-deepfake-methods-real-and-fake-frames-cropped-teams/samples/edge_cases_0305/frames/real/frame_0002.jpg,71.132472
gs://live-deepfake-methods-real-and-fake-frames-cropped-teams/samples/edge_cases_0342/frames/real/frame_0008.jpg,228.613018
gs://live-deepfake-methods-real-and-fake-frames-cropped-teams/samples/edge_cases_0345/frames/real/frame_0004.jpg,112.859030
gs://live-deepfake-methods-real-and-fake-frames-cropped-teams/samples/edge_cases_0357/frames/real/frame_0000.jpg,107.366724
gs://live-deepfake-methods-real-and-fake-frames-cropped-teams/samples/edge_cases_0357/frames/real/frame_0008.jpg,113.602975
gs://live-deepfake-methods-real-and-fake-frames-cropped-teams/samples/edge_cases_0362/frames/real/frame_0000.jpg,84.027434
gs://live-deepfake-methods-real-and-fake-frames-cropped-teams/samples/edge_cases_0362/frames/real/frame_0004.jpg,72.884591
gs://live-deepfake-methods-real-and-fake-frames-cropped-teams/samples/edge_cases_0377/frames/real/frame_0002.jpg,31.452555
gs://live-deepfake-methods-real-and-fake-frames-cropped-teams/samples/edge_cases_0377/frames/real/frame_0004.jpg,33.937625
gs://live-deepfake-methods-real-and-fake-frames-cropped-teams/samples/edge_cases_0377/frames/real/frame_0008.jpg,34.208543
gs://live-deepfake-methods-real-and-fake-frames-cropped-teams/samples/edge_cases_0377/frames/real/frame_0014.jpg,27.678611
gs://live-deepfake-methods-real-and-fake-frames-cropped-teams/samples/edge_cases_0398/frames/real/frame_0002.jpg,124.314002
gs://live-deepfake-methods-real-and-fake-frames-cropped-teams/samples/edge_cases_0398/frames/real/frame_0006.jpg,87.783946
gs://live-deepfake-methods-real-and-fake-frames-cropped-teams/samples/edge_cases_0398/frames/real/frame_0008.jpg,92.745871
gs://live-deepfake-methods-real-and-fake-frames-cropped-teams/samples/edge_cases_0398/frames/real/frame_0010.jpg,120.380503
gs://live-deepfake-methods-real-and-fake-frames-cropped-teams/samples/edge_cases_0398/frames/real/frame_0012.jpg,117.181095
gs://live-deepfake-methods-real-and-fake-frames-cropped-teams/samples/edge_cases_0442/frames/real/frame_0002.jpg,126.865958
gs://live-deepfake-methods-real-and-fake-frames-cropped-teams/samples/edge_cases_0442/frames/real/frame_0012.jpg,105.330786
gs://live-deepfake-methods-real-and-fake-frames-cropped-teams/samples/edge_cases_0442/frames/real/frame_0014.jpg,129.660261
gs://live-deepfake-methods-real-and-fake-frames-cropped-teams/samples/edge_cases_0492/frames/real/frame_0012.jpg,239.982870
gs://live-deepfake-methods-real-and-fake-frames-cropped-teams/samples/edge_cases_0492/frames/real/frame_0014.jpg,109.010913
gs://live-deepfake-methods-real-and-fake-frames-cropped-teams/samples/edge_cases_0503/frames/real/frame_0000.jpg,24.003694
gs://live-deepfake-methods-real-and-fake-frames-cropped-teams/samples/edge_cases_0503/frames/real/frame_0004.jpg,59.117069
gs://live-deepfake-methods-real-and-fake-frames-cropped-teams/samples/edge_cases_0525/frames/real/frame_0000.jpg,51.505923
gs://live-deepfake-methods-real-and-fake-frames-cropped-teams/samples/edge_cases_0525/frames/real/frame_0002.jpg,52.632956
gs://live-deepfake-methods-real-and-fake-frames-cropped-teams/samples/edge_cases_0525/frames/real/frame_0012.jpg,39.423223
gs://live-deepfake-methods-real-and-fake-frames-cropped-teams/samples/edge_cases_0525/frames/real/frame_0014.jpg,51.436836
gs://live-deepfake-methods-real-and-fake-frames-cropped-teams/samples/edge_cases_0528/frames/real/frame_0004.jpg,84.852707
gs://live-deepfake-methods-real-and-fake-frames-cropped-teams/samples/edge_cases_0528/frames/real/frame_0008.jpg,90.946125
gs://live-deepfake-methods-real-and-fake-frames-cropped-teams/samples/edge_cases_0541/frames/real/frame_0000.jpg,52.165738
gs://live-deepfake-methods-real-and-fake-frames-cropped-teams/samples/edge_cases_0541/frames/real/frame_0006.jpg,66.465454
gs://live-deepfake-methods-real-and-fake-frames-cropped-teams/samples/edge_cases_0541/frames/real/frame_0008.jpg,60.883917
gs://live-deepfake-methods-real-and-fake-frames-cropped-teams/samples/edge_cases_0541/frames/real/frame_0014.jpg,69.231088
gs://live-deepfake-methods-real-and-fake-frames-cropped-teams/samples/edge_cases_0554/frames/real/frame_0012.jpg,95.076189
gs://live-deepfake-methods-real-and-fake-frames-cropped-teams/samples/edge_cases_0568/frames/real/frame_0002.jpg,128.875552
gs://live-deepfake-methods-real-and-fake-frames-cropped-teams/samples/edge_cases_0576/frames/real/frame_0014.jpg,312.987945
gs://live-deepfake-methods-real-and-fake-frames-cropped-teams/samples/edge_cases_0591/frames/real/frame_0010.jpg,168.350384
gs://live-deepfake-methods-real-and-fake-frames-cropped-teams/samples/edge_cases_0640/frames/real/frame_0000.jpg,100.886541
gs://live-deepfake-methods-real-and-fake-frames-cropped-teams/samples/edge_cases_0640/frames/real/frame_0004.jpg,102.946407
gs://live-deepfake-methods-real-and-fake-frames-cropped-teams/samples/edge_cases_0646/frames/real/frame_0006.jpg,55.334041
gs://live-deepfake-methods-real-and-fake-frames-cropped-teams/samples/edge_cases_0646/frames/real/frame_0012.jpg,86.978275
gs://live-deepfake-methods-real-and-fake-frames-cropped-teams/samples/edge_cases_0694/frames/real/frame_0014.jpg,90.474788
gs://live-deepfake-methods-real-and-fake-frames-cropped-teams/samples/edge_cases_0697/frames/real/frame_0008.jpg,141.147142
gs://live-deepfake-methods-real-and-fake-frames-cropped-teams/samples/edge_cases_0730/frames/real/frame_0004.jpg,80.519328
gs://live-deepfake-methods-real-and-fake-frames-cropped-teams/samples/edge_cases_0730/frames/real/frame_0008.jpg,75.799148
gs://live-deepfake-methods-real-and-fake-frames-cropped-teams/samples/edge_cases_0730/frames/real/frame_0010.jpg,69.165388
gs://live-deepfake-methods-real-and-fake-frames-cropped-teams/samples/edge_cases_0762/frames/real/frame_0002.jpg,77.045855
gs://live-deepfake-methods-real-and-fake-frames-cropped-teams/samples/edge_cases_0763/frames/real/frame_0002.jpg,73.311338
gs://live-deepfake-methods-real-and-fake-frames-cropped-teams/samples/edge_cases_0763/frames/real/frame_0004.jpg,91.235767
gs://live-deepfake-methods-real-and-fake-frames-cropped-teams/samples/edge_cases_0763/frames/real/frame_0010.jpg,43.901850
gs://live-deepfake-methods-real-and-fake-frames-cropped-teams/samples/edge_cases_0763/frames/real/frame_0012.jpg,44.973718
gs://live-deepfake-methods-real-and-fake-frames-cropped-teams/samples/edge_cases_0775/frames/real/frame_0000.jpg,4.136194
gs://live-deepfake-methods-real-and-fake-frames-cropped-teams/samples/edge_cases_0775/frames/real/frame_0002.jpg,11.772324
gs://live-deepfake-methods-real-and-fake-frames-cropped-teams/samples/edge_cases_0775/frames/real/frame_0006.jpg,73.790864
gs://live-deepfake-methods-real-and-fake-frames-cropped-teams/samples/edge_cases_0777/frames/real/frame_0012.jpg,107.026057
gs://live-deepfake-methods-real-and-fake-frames-cropped-teams/samples/edge_cases_0785/frames/real/frame_0014.jpg,65.517689
gs://live-deepfake-methods-real-and-fake-frames-cropped-teams/samples/edge_cases_0841/frames/real/frame_0004.jpg,112.877300
gs://live-deepfake-methods-real-and-fake-frames-cropped-teams/samples/edge_cases_0842/frames/real/frame_0010.jpg,100.822341
gs://live-deepfake-methods-real-and-fake-frames-cropped-teams/samples/edge_cases_0890/frames/real/frame_0008.jpg,150.270229
gs://live-deepfake-methods-real-and-fake-frames-cropped-teams/samples/edge_cases_0901/frames/real/frame_0000.jpg,215.944699
gs://live-deepfake-methods-real-and-fake-frames-cropped-teams/samples/edge_cases_0901/frames/real/frame_0006.jpg,178.175191
gs://live-deepfake-methods-real-and-fake-frames-cropped-teams/samples/edge_cases_0912/frames/real/frame_0000.jpg,1561.458804
gs://live-deepfake-methods-real-and-fake-frames-cropped-teams/samples/edge_cases_0912/frames/real/frame_0004.jpg,27.164422
gs://live-deepfake-methods-real-and-fake-frames-cropped-teams/samples/edge_cases_0912/frames/real/frame_0006.jpg,28.617966
gs://live-deepfake-methods-real-and-fake-frames-cropped-teams/samples/edge_cases_0912/frames/real/frame_0008.jpg,32.106526
gs://live-deepfake-methods-real-and-fake-frames-cropped-teams/samples/edge_cases_0912/frames/real/frame_0010.jpg,32.717724
gs://live-deepfake-methods-real-and-fake-frames-cropped-teams/samples/edge_cases_0912/frames/real/frame_0012.jpg,27.969825
gs://live-deepfake-methods-real-and-fake-frames-cropped-teams/samples/edge_cases_0920/frames/real/frame_0004.jpg,24.643309
gs://live-deepfake-methods-real-and-fake-frames-cropped-teams/samples/edge_cases_0920/frames/real/frame_0006.jpg,25.719522
gs://live-deepfake-methods-real-and-fake-frames-cropped-teams/samples/edge_cases_0920/frames/real/frame_0008.jpg,26.419923
gs://live-deepfake-methods-real-and-fake-frames-cropped-teams/samples/edge_cases_0920/frames/real/frame_0010.jpg,24.670690
gs://live-deepfake-methods-real-and-fake-frames-cropped-teams/samples/edge_cases_0920/frames/real/frame_0014.jpg,25.702936
gs://live-deepfake-methods-real-and-fake-frames-cropped-teams/samples/edge_cases_0933/frames/real/frame_0002.jpg,99.494485
gs://live-deepfake-methods-real-and-fake-frames-cropped-teams/samples/edge_cases_0933/frames/real/frame_0012.jpg,102.462005
gs://live-deepfake-methods-real-and-fake-frames-cropped-teams/samples/edge_cases_0933/frames/real/frame_0014.jpg,122.165868
gs://live-deepfake-methods-real-and-fake-frames-cropped-teams/samples/edge_cases_1010/frames/real/frame_0008.jpg,47.927047
gs://live-deepfake-methods-real-and-fake-frames-cropped-teams/samples/edge_cases_1010/frames/real/frame_0010.jpg,51.251325
gs://live-deepfake-methods-real-and-fake-frames-cropped-teams/samples/edge_cases_1010/frames/real/frame_0014.jpg,64.774973
gs://live-deepfake-methods-real-and-fake-frames-cropped-teams/samples/edge_cases_1011/frames/real/frame_0000.jpg,40.039180
gs://live-deepfake-methods-real-and-fake-frames-cropped-teams/samples/edge_cases_1011/frames/real/frame_0004.jpg,43.898260
gs://live-deepfake-methods-real-and-fake-frames-cropped-teams/samples/edge_cases_1011/frames/real/frame_0006.jpg,28.336067
gs://live-deepfake-methods-real-and-fake-frames-cropped-teams/samples/edge_cases_1011/frames/real/frame_0008.jpg,42.493484
gs://live-deepfake-methods-real-and-fake-frames-cropped-teams/samples/edge_cases_1011/frames/real/frame_0010.jpg,49.160830
gs://live-deepfake-methods-real-and-fake-frames-cropped-teams/samples/edge_cases_1011/frames/real/frame_0014.jpg,28.777439
gs://live-deepfake-methods-real-and-fake-frames-cropped-teams/samples/edge_cases_1065/frames/real/frame_0010.jpg,513.817418
gs://live-deepfake-methods-real-and-fake-frames-cropped-teams/samples/edge_cases_1075/frames/real/frame_0010.jpg,177.793450
gs://live-deepfake-methods-real-and-fake-frames-cropped-teams/samples/edge_cases_1102/frames/real/frame_0014.jpg,86.454584
gs://live-deepfake-methods-real-and-fake-frames-cropped-teams/samples/edge_cases_1104/frames/real/frame_0002.jpg,80.811917
gs://live-deepfake-methods-real-and-fake-frames-cropped-teams/samples/edge_cases_1104/frames/real/frame_0006.jpg,89.879348
gs://live-deepfake-methods-real-and-fake-frames-cropped-teams/samples/edge_cases_1134/frames/real/frame_0002.jpg,146.034748
gs://live-deepfake-methods-real-and-fake-frames-cropped-teams/samples/edge_cases_1135/frames/real/frame_0000.jpg,53.354811
gs://live-deepfake-methods-real-and-fake-frames-cropped-teams/samples/edge_cases_1135/frames/real/frame_0002.jpg,55.464083
gs://live-deepfake-methods-real-and-fake-frames-cropped-teams/samples/edge_cases_1164/frames/real/frame_0000.jpg,281.586368
gs://live-deepfake-methods-real-and-fake-frames-cropped-teams/samples/edge_cases_1167/frames/real/frame_0010.jpg,181.046065
gs://live-deepfake-methods-real-and-fake-frames-cropped-teams/samples/edge_cases_1184/frames/real/frame_0000.jpg,88.387621
gs://live-deepfake-methods-real-and-fake-frames-cropped-teams/samples/edge_cases_1184/frames/real/frame_0002.jpg,85.491371
gs://live-deepfake-methods-real-and-fake-frames-cropped-teams/samples/edge_cases_1207/frames/real/frame_0000.jpg,69.756126
gs://live-deepfake-methods-real-and-fake-frames-cropped-teams/samples/edge_cases_1207/frames/real/frame_0002.jpg,69.727550
gs://live-deepfake-methods-real-and-fake-frames-cropped-teams/samples/edge_cases_1207/frames/real/frame_0012.jpg,66.154660
gs://live-deepfake-methods-real-and-fake-frames-cropped-teams/samples/edge_cases_1213/frames/real/frame_0000.jpg,51.337308
gs://live-deepfake-methods-real-and-fake-frames-cropped-teams/samples/edge_cases_1213/frames/real/frame_0014.jpg,179.681853
gs://live-deepfake-methods-real-and-fake-frames-cropped-teams/samples/edge_cases_1225/frames/real/frame_0000.jpg,120.921728
gs://live-deepfake-methods-real-and-fake-frames-cropped-teams/samples/edge_cases_1225/frames/real/frame_0006.jpg,105.023536
gs://live-deepfake-methods-real-and-fake-frames-cropped-teams/samples/edge_cases_1260/frames/real/frame_0000.jpg,114.189072
gs://live-deepfake-methods-real-and-fake-frames-cropped-teams/samples/edge_cases_1260/frames/real/frame_0008.jpg,144.669828
gs://live-deepfake-methods-real-and-fake-frames-cropped-teams/samples/edge_cases_1260/frames/real/frame_0010.jpg,153.313485
gs://live-deepfake-methods-real-and-fake-frames-cropped-teams/samples/edge_cases_1263/frames/real/frame_0002.jpg,140.298607
gs://live-deepfake-methods-real-and-fake-frames-cropped-teams/samples/edge_cases_1265/frames/real/frame_0006.jpg,156.652675
gs://live-deepfake-methods-real-and-fake-frames-cropped-teams/samples/edge_cases_1283/frames/real/frame_0014.jpg,12.991237
gs://live-deepfake-methods-real-and-fake-frames-cropped-teams/samples/edge_cases_1329/frames/real/frame_0008.jpg,69.630271
gs://live-deepfake-methods-real-and-fake-frames-cropped-teams/samples/edge_cases_1329/frames/real/frame_0014.jpg,63.972426
gs://live-deepfake-methods-real-and-fake-frames-cropped-teams/samples/edge_cases_1342/frames/real/frame_0002.jpg,68.429637
gs://live-deepfake-methods-real-and-fake-frames-cropped-teams/samples/edge_cases_1393/frames/real/frame_0000.jpg,112.359255
gs://live-deepfake-methods-real-and-fake-frames-cropped-teams/samples/edge_cases_1393/frames/real/frame_0006.jpg,111.616066
gs://live-deepfake-methods-real-and-fake-frames-cropped-teams/samples/edge_cases_1393/frames/real/frame_0008.jpg,93.948790
gs://live-deepfake-methods-real-and-fake-frames-cropped-teams/samples/edge_cases_1393/frames/real/frame_0014.jpg,112.976895
gs://live-deepfake-methods-real-and-fake-frames-cropped-teams/samples/edge_cases_1421/frames/real/frame_0000.jpg,35.246172
gs://live-deepfake-methods-real-and-fake-frames-cropped-teams/samples/edge_cases_1421/frames/real/frame_0002.jpg,29.524857
gs://live-deepfake-methods-real-and-fake-frames-cropped-teams/samples/edge_cases_1421/frames/real/frame_0004.jpg,33.768638
gs://live-deepfake-methods-real-and-fake-frames-cropped-teams/samples/edge_cases_1421/frames/real/frame_0006.jpg,36.946119
gs://live-deepfake-methods-real-and-fake-frames-cropped-teams/samples/edge_cases_1421/frames/real/frame_0008.jpg,40.027899
gs://live-deepfake-methods-real-and-fake-frames-cropped-teams/samples/edge_cases_1421/frames/real/frame_0012.jpg,59.033131
gs://live-deepfake-methods-real-and-fake-frames-cropped-teams/samples/edge_cases_1454/frames/real/frame_0006.jpg,51.138715
gs://live-deepfake-methods-real-and-fake-frames-cropped-teams/samples/edge_cases_1454/frames/real/frame_0008.jpg,57.013769
gs://live-deepfake-methods-real-and-fake-frames-cropped-teams/samples/edge_cases_1454/frames/real/frame_0010.jpg,47.724959
gs://live-deepfake-methods-real-and-fake-frames-cropped-teams/samples/edge_cases_1454/frames/real/frame_0012.jpg,43.208419
gs://live-deepfake-methods-real-and-fake-frames-cropped-teams/samples/edge_cases_1479/frames/real/frame_0000.jpg,80.279782
gs://live-deepfake-methods-real-and-fake-frames-cropped-teams/samples/edge_cases_1479/frames/real/frame_0006.jpg,91.432837
gs://live-deepfake-methods-real-and-fake-frames-cropped-teams/samples/edge_cases_1479/frames/real/frame_0010.jpg,87.772294
gs://live-deepfake-methods-real-and-fake-frames-cropped-teams/samples/edge_cases_1514/frames/real/frame_0000.jpg,102.241660
gs://live-deepfake-methods-real-and-fake-frames-cropped-teams/samples/edge_cases_1514/frames/real/frame_0010.jpg,81.173006
gs://live-deepfake-methods-real-and-fake-frames-cropped-teams/samples/edge_cases_1514/frames/real/frame_0012.jpg,77.620628
gs://live-deepfake-methods-real-and-fake-frames-cropped-teams/samples/edge_cases_1514/frames/real/frame_0014.jpg,87.858481
gs://live-deepfake-methods-real-and-fake-frames-cropped-teams/samples/edge_cases_1551/frames/real/frame_0006.jpg,168.794318
gs://live-deepfake-methods-real-and-fake-frames-cropped-teams/samples/edge_cases_1551/frames/real/frame_0010.jpg,14.731647
gs://live-deepfake-methods-real-and-fake-frames-cropped-teams/samples/edge_cases_1557/frames/real/frame_0008.jpg,75.320403
gs://live-deepfake-methods-real-and-fake-frames-cropped-teams/samples/edge_cases_1557/frames/real/frame_0012.jpg,83.037237
gs://live-deepfake-methods-real-and-fake-frames-cropped-teams/samples/edge_cases_1574/frames/real/frame_0010.jpg,73.571273
gs://live-deepfake-methods-real-and-fake-frames-cropped-teams/samples/edge_cases_1595/frames/real/frame_0014.jpg,66.723333
gs://live-deepfake-methods-real-and-fake-frames-cropped-teams/samples/edge_cases_1633/frames/real/frame_0002.jpg,379.138756
gs://live-deepfake-methods-real-and-fake-frames-cropped-teams/samples/edge_cases_1713/frames/real/frame_0000.jpg,73.431494
gs://live-deepfake-methods-real-and-fake-frames-cropped-teams/samples/edge_cases_1713/frames/real/frame_0004.jpg,90.227691
gs://live-deepfake-methods-real-and-fake-frames-cropped-teams/samples/edge_cases_1713/frames/real/frame_0008.jpg,83.599419
gs://live-deepfake-methods-real-and-fake-frames-cropped-teams/samples/edge_cases_1713/frames/real/frame_0010.jpg,71.682893
gs://live-deepfake-methods-real-and-fake-frames-cropped-teams/samples/edge_cases_1735/frames/real/frame_0000.jpg,44.245846
gs://live-deepfake-methods-real-and-fake-frames-cropped-teams/samples/edge_cases_1735/frames/real/frame_0004.jpg,45.979012
gs://live-deepfake-methods-real-and-fake-frames-cropped-teams/samples/edge_cases_1735/frames/real/frame_0008.jpg,72.562678
gs://live-deepfake-methods-real-and-fake-frames-cropped-teams/samples/edge_cases_1735/frames/real/frame_0012.jpg,71.205442
gs://live-deepfake-methods-real-and-fake-frames-cropped-teams/samples/edge_cases_1735/frames/real/frame_0014.jpg,62.213624
gs://live-deepfake-methods-real-and-fake-frames-cropped-teams/samples/edge_cases_1753/frames/real/frame_0002.jpg,111.315733
gs://live-deepfake-methods-real-and-fake-frames-cropped-teams/samples/edge_cases_1753/frames/real/frame_0004.jpg,99.344316
gs://live-deepfake-methods-real-and-fake-frames-cropped-teams/samples/edge_cases_1753/frames/real/frame_0010.jpg,119.158626
gs://live-deepfake-methods-real-and-fake-frames-cropped-teams/samples/edge_cases_1753/frames/real/frame_0012.jpg,96.763704
gs://live-deepfake-methods-real-and-fake-frames-cropped-teams/samples/edge_cases_1802/frames/real/frame_0000.jpg,121.791315
gs://live-deepfake-methods-real-and-fake-frames-cropped-teams/samples/edge_cases_1802/frames/real/frame_0002.jpg,71.302603
gs://live-deepfake-methods-real-and-fake-frames-cropped-teams/samples/edge_cases_1802/frames/real/frame_0014.jpg,49.046548
gs://live-deepfake-methods-real-and-fake-frames-cropped-teams/samples/edge_cases_1806/frames/real/frame_0000.jpg,36.665229
gs://live-deepfake-methods-real-and-fake-frames-cropped-teams/samples/edge_cases_1806/frames/real/frame_0002.jpg,35.637280
gs://live-deepfake-methods-real-and-fake-frames-cropped-teams/samples/edge_cases_1806/frames/real/frame_0004.jpg,35.740954
gs://live-deepfake-methods-real-and-fake-frames-cropped-teams/samples/edge_cases_1806/frames/real/frame_0008.jpg,36.416102
gs://live-deepfake-methods-real-and-fake-frames-cropped-teams/samples/edge_cases_1806/frames/real/frame_0012.jpg,34.721752
gs://live-deepfake-methods-real-and-fake-frames-cropped-teams/samples/edge_cases_1806/frames/real/frame_0014.jpg,41.441496
gs://live-deepfake-methods-real-and-fake-frames-cropped-teams/samples/edge_cases_1875/frames/real/frame_0008.jpg,248.909423
gs://live-deepfake-methods-real-and-fake-frames-cropped-teams/samples/edge_cases_1918/frames/real/frame_0000.jpg,135.518176
gs://live-deepfake-methods-real-and-fake-frames-cropped-teams/samples/edge_cases_1918/frames/real/frame_0008.jpg,160.765093
gs://live-deepfake-methods-real-and-fake-frames-cropped-teams/samples/edge_cases_1937/frames/real/frame_0002.jpg,114.103839
gs://live-deepfake-methods-real-and-fake-frames-cropped-teams/samples/edge_cases_1937/frames/real/frame_0010.jpg,95.454013
gs://live-deepfake-methods-real-and-fake-frames-cropped-teams/samples/edge_cases_1937/frames/real/frame_0012.jpg,102.587681
gs://live-deepfake-methods-real-and-fake-frames-cropped-teams/samples/edge_cases_1943/frames/real/frame_0000.jpg,95.941648
gs://live-deepfake-methods-real-and-fake-frames-cropped-teams/samples/edge_cases_1943/frames/real/frame_0004.jpg,105.318462
gs://live-deepfake-methods-real-and-fake-frames-cropped-teams/samples/edge_cases_1963/frames/real/frame_0000.jpg,378.840060
gs://live-deepfake-methods-real-and-fake-frames-cropped-teams/samples/edge_cases_1963/frames/real/frame_0004.jpg,369.392610
gs://live-deepfake-methods-real-and-fake-frames-cropped-teams/samples/edge_cases_1963/frames/real/frame_0006.jpg,352.713545
gs://live-deepfake-methods-real-and-fake-frames-cropped-teams/samples/edge_cases_1981/frames/real/frame_0010.jpg,122.131898
gs://live-deepfake-methods-real-and-fake-frames-cropped-teams/samples/minimal_processing_0000/frames/real/frame_0004.jpg,105.881665
gs://live-deepfake-methods-real-and-fake-frames-cropped-teams/samples/minimal_processing_0000/frames/real/frame_0014.jpg,73.899035
gs://live-deepfake-methods-real-and-fake-frames-cropped-teams/samples/minimal_processing_0010/frames/real/frame_0008.jpg,97.052200
gs://live-deepfake-methods-real-and-fake-frames-cropped-teams/samples/minimal_processing_0032/frames/real/frame_0002.jpg,86.638187
gs://live-deepfake-methods-real-and-fake-frames-cropped-teams/samples/minimal_processing_0034/frames/real/frame_0008.jpg,99.687534
gs://live-deepfake-methods-real-and-fake-frames-cropped-teams/samples/minimal_processing_0061/frames/real/frame_0000.jpg,56.102554
gs://live-deepfake-methods-real-and-fake-frames-cropped-teams/samples/minimal_processing_0061/frames/real/frame_0002.jpg,49.997023
gs://live-deepfake-methods-real-and-fake-frames-cropped-teams/samples/minimal_processing_0061/frames/real/frame_0004.jpg,41.395368
gs://live-deepfake-methods-real-and-fake-frames-cropped-teams/samples/minimal_processing_0061/frames/real/frame_0006.jpg,59.888358
gs://live-deepfake-methods-real-and-fake-frames-cropped-teams/samples/minimal_processing_0061/frames/real/frame_0008.jpg,82.130232
gs://live-deepfake-methods-real-and-fake-frames-cropped-teams/samples/minimal_processing_0061/frames/real/frame_0010.jpg,70.349654
gs://live-deepfake-methods-real-and-fake-frames-cropped-teams/samples/minimal_processing_0071/frames/real/frame_0010.jpg,197.473333
gs://live-deepfake-methods-real-and-fake-frames-cropped-teams/samples/minimal_processing_0088/frames/real/frame_0004.jpg,111.014714
gs://live-deepfake-methods-real-and-fake-frames-cropped-teams/samples/minimal_processing_0089/frames/real/frame_0000.jpg,57.259968
gs://live-deepfake-methods-real-and-fake-frames-cropped-teams/samples/minimal_processing_0089/frames/real/frame_0006.jpg,77.991159
gs://live-deepfake-methods-real-and-fake-frames-cropped-teams/samples/minimal_processing_0089/frames/real/frame_0010.jpg,64.946267
gs://live-deepfake-methods-real-and-fake-frames-cropped-teams/samples/minimal_processing_0089/frames/real/frame_0012.jpg,41.618188
gs://live-deepfake-methods-real-and-fake-frames-cropped-teams/samples/minimal_processing_0089/frames/real/frame_0014.jpg,40.482987
gs://live-deepfake-methods-real-and-fake-frames-cropped-teams/samples/minimal_processing_0108/frames/real/frame_0012.jpg,428.003311
gs://live-deepfake-methods-real-and-fake-frames-cropped-teams/samples/minimal_processing_0119/frames/real/frame_0000.jpg,83.618593
gs://live-deepfake-methods-real-and-fake-frames-cropped-teams/samples/minimal_processing_0141/frames/real/frame_0014.jpg,263.021371
gs://live-deepfake-methods-real-and-fake-frames-cropped-teams/samples/minimal_processing_0152/frames/real/frame_0010.jpg,45.298738
gs://live-deepfake-methods-real-and-fake-frames-cropped-teams/samples/minimal_processing_0153/frames/real/frame_0000.jpg,26.974983
gs://live-deepfake-methods-real-and-fake-frames-cropped-teams/samples/minimal_processing_0153/frames/real/frame_0002.jpg,27.261390
gs://live-deepfake-methods-real-and-fake-frames-cropped-teams/samples/minimal_processing_0153/frames/real/frame_0006.jpg,96.497548
gs://live-deepfake-methods-real-and-fake-frames-cropped-teams/samples/minimal_processing_0153/frames/real/frame_0008.jpg,34.220753
gs://live-deepfake-methods-real-and-fake-frames-cropped-teams/samples/minimal_processing_0153/frames/real/frame_0010.jpg,39.283867
gs://live-deepfake-methods-real-and-fake-frames-cropped-teams/samples/minimal_processing_0153/frames/real/frame_0014.jpg,26.975675
gs://live-deepfake-methods-real-and-fake-frames-cropped-teams/samples/minimal_processing_0192/frames/real/frame_0004.jpg,91.295431
gs://live-deepfake-methods-real-and-fake-frames-cropped-teams/samples/minimal_processing_0192/frames/real/frame_0010.jpg,87.008991
gs://live-deepfake-methods-real-and-fake-frames-cropped-teams/samples/minimal_processing_0192/frames/real/frame_0012.jpg,93.115552
gs://live-deepfake-methods-real-and-fake-frames-cropped-teams/samples/minimal_processing_0205/frames/real/frame_0000.jpg,122.152929
gs://live-deepfake-methods-real-and-fake-frames-cropped-teams/samples/minimal_processing_0266/frames/real/frame_0004.jpg,84.513235
gs://live-deepfake-methods-real-and-fake-frames-cropped-teams/samples/minimal_processing_0266/frames/real/frame_0010.jpg,127.605941
gs://live-deepfake-methods-real-and-fake-frames-cropped-teams/samples/minimal_processing_0267/frames/real/frame_0006.jpg,55.267395
gs://live-deepfake-methods-real-and-fake-frames-cropped-teams/samples/minimal_processing_0267/frames/real/frame_0008.jpg,102.414435
gs://live-deepfake-methods-real-and-fake-frames-cropped-teams/samples/minimal_processing_0267/frames/real/frame_0012.jpg,131.101488
gs://live-deepfake-methods-real-and-fake-frames-cropped-teams/samples/minimal_processing_0316/frames/real/frame_0014.jpg,106.942957
gs://live-deepfake-methods-real-and-fake-frames-cropped-teams/samples/minimal_processing_0330/frames/real/frame_0000.jpg,94.399681
gs://live-deepfake-methods-real-and-fake-frames-cropped-teams/samples/minimal_processing_0351/frames/real/frame_0000.jpg,69.740610
gs://live-deepfake-methods-real-and-fake-frames-cropped-teams/samples/minimal_processing_0351/frames/real/frame_0004.jpg,102.172752
gs://live-deepfake-methods-real-and-fake-frames-cropped-teams/samples/minimal_processing_0351/frames/real/frame_0010.jpg,100.758505
gs://live-deepfake-methods-real-and-fake-frames-cropped-teams/samples/minimal_processing_0354/frames/real/frame_0000.jpg,59.449163
gs://live-deepfake-methods-real-and-fake-frames-cropped-teams/samples/minimal_processing_0354/frames/real/frame_0008.jpg,59.154987
gs://live-deepfake-methods-real-and-fake-frames-cropped-teams/samples/minimal_processing_0354/frames/real/frame_0010.jpg,43.320473
gs://live-deepfake-methods-real-and-fake-frames-cropped-teams/samples/minimal_processing_0370/frames/real/frame_0002.jpg,358.938195
gs://live-deepfake-methods-real-and-fake-frames-cropped-teams/samples/minimal_processing_0395/frames/real/frame_0002.jpg,41.738627
gs://live-deepfake-methods-real-and-fake-frames-cropped-teams/samples/minimal_processing_0395/frames/real/frame_0006.jpg,45.944413
gs://live-deepfake-methods-real-and-fake-frames-cropped-teams/samples/minimal_processing_0439/frames/real/frame_0002.jpg,31.962125
gs://live-deepfake-methods-real-and-fake-frames-cropped-teams/samples/minimal_processing_0439/frames/real/frame_0004.jpg,48.198496
gs://live-deepfake-methods-real-and-fake-frames-cropped-teams/samples/minimal_processing_0439/frames/real/frame_0008.jpg,63.655636
gs://live-deepfake-methods-real-and-fake-frames-cropped-teams/samples/minimal_processing_0439/frames/real/frame_0010.jpg,36.385037
gs://live-deepfake-methods-real-and-fake-frames-cropped-teams/samples/minimal_processing_0439/frames/real/frame_0014.jpg,36.867263
gs://live-deepfake-methods-real-and-fake-frames-cropped-teams/samples/minimal_processing_0524/frames/real/frame_0000.jpg,141.407818
gs://live-deepfake-methods-real-and-fake-frames-cropped-teams/samples/minimal_processing_0578/frames/real/frame_0010.jpg,64.240448
gs://live-deepfake-methods-real-and-fake-frames-cropped-teams/samples/minimal_processing_0581/frames/real/frame_0008.jpg,61.437700
gs://live-deepfake-methods-real-and-fake-frames-cropped-teams/samples/minimal_processing_0581/frames/real/frame_0014.jpg,100.475836
gs://live-deepfake-methods-real-and-fake-frames-cropped-teams/samples/minimal_processing_0585/frames/real/frame_0002.jpg,100.357164
gs://live-deepfake-methods-real-and-fake-frames-cropped-teams/samples/minimal_processing_0585/frames/real/frame_0004.jpg,86.597597
gs://live-deepfake-methods-real-and-fake-frames-cropped-teams/samples/minimal_processing_0626/frames/real/frame_0010.jpg,451.584429
gs://live-deepfake-methods-real-and-fake-frames-cropped-teams/samples/minimal_processing_0627/frames/real/frame_0008.jpg,141.129913
gs://live-deepfake-methods-real-and-fake-frames-cropped-teams/samples/minimal_processing_0705/frames/real/frame_0006.jpg,53.735705
gs://live-deepfake-methods-real-and-fake-frames-cropped-teams/samples/minimal_processing_0705/frames/real/frame_0008.jpg,68.097391
gs://live-deepfake-methods-real-and-fake-frames-cropped-teams/samples/minimal_processing_0713/frames/real/frame_0000.jpg,73.323010
gs://live-deepfake-methods-real-and-fake-frames-cropped-teams/samples/minimal_processing_0713/frames/real/frame_0002.jpg,74.014550
gs://live-deepfake-methods-real-and-fake-frames-cropped-teams/samples/minimal_processing_0713/frames/real/frame_0004.jpg,77.020514
gs://live-deepfake-methods-real-and-fake-frames-cropped-teams/samples/minimal_processing_0713/frames/real/frame_0008.jpg,66.573452
gs://live-deepfake-methods-real-and-fake-frames-cropped-teams/samples/minimal_processing_0713/frames/real/frame_0010.jpg,66.784826
gs://live-deepfake-methods-real-and-fake-frames-cropped-teams/samples/minimal_processing_0713/frames/real/frame_0012.jpg,86.515380
gs://live-deepfake-methods-real-and-fake-frames-cropped-teams/samples/minimal_processing_0757/frames/real/frame_0000.jpg,165.223291
gs://live-deepfake-methods-real-and-fake-frames-cropped-teams/samples/minimal_processing_0761/frames/real/frame_0004.jpg,85.422367
gs://live-deepfake-methods-real-and-fake-frames-cropped-teams/samples/minimal_processing_0761/frames/real/frame_0006.jpg,118.295137
gs://live-deepfake-methods-real-and-fake-frames-cropped-teams/samples/minimal_processing_0761/frames/real/frame_0012.jpg,118.404767
gs://live-deepfake-methods-real-and-fake-frames-cropped-teams/samples/minimal_processing_0761/frames/real/frame_0014.jpg,57.475586
gs://live-deepfake-methods-real-and-fake-frames-cropped-teams/samples/minimal_processing_0787/frames/real/frame_0002.jpg,63.985605
gs://live-deepfake-methods-real-and-fake-frames-cropped-teams/samples/minimal_processing_0787/frames/real/frame_0006.jpg,97.226762
gs://live-deepfake-methods-real-and-fake-frames-cropped-teams/samples/minimal_processing_0787/frames/real/frame_0010.jpg,74.734153
gs://live-deepfake-methods-real-and-fake-frames-cropped-teams/samples/minimal_processing_0787/frames/real/frame_0012.jpg,60.491173
gs://live-deepfake-methods-real-and-fake-frames-cropped-teams/samples/minimal_processing_0793/frames/real/frame_0000.jpg,290.095503
gs://live-deepfake-methods-real-and-fake-frames-cropped-teams/samples/minimal_processing_0813/frames/real/frame_0000.jpg,114.806307
gs://live-deepfake-methods-real-and-fake-frames-cropped-teams/samples/minimal_processing_0813/frames/real/frame_0008.jpg,79.614250
gs://live-deepfake-methods-real-and-fake-frames-cropped-teams/samples/minimal_processing_0830/frames/real/frame_0000.jpg,1042.414008
gs://live-deepfake-methods-real-and-fake-frames-cropped-teams/samples/minimal_processing_0830/frames/real/frame_0006.jpg,123.554302
gs://live-deepfake-methods-real-and-fake-frames-cropped-teams/samples/minimal_processing_0857/frames/real/frame_0004.jpg,405.305540
gs://live-deepfake-methods-real-and-fake-frames-cropped-teams/samples/minimal_processing_0857/frames/real/frame_0010.jpg,34.795749
gs://live-deepfake-methods-real-and-fake-frames-cropped-teams/samples/minimal_processing_0857/frames/real/frame_0012.jpg,45.057225
gs://live-deepfake-methods-real-and-fake-frames-cropped-teams/samples/minimal_processing_0894/frames/real/frame_0006.jpg,51.408675
gs://live-deepfake-methods-real-and-fake-frames-cropped-teams/samples/minimal_processing_0894/frames/real/frame_0008.jpg,64.359236
gs://live-deepfake-methods-real-and-fake-frames-cropped-teams/samples/minimal_processing_0899/frames/real/frame_0004.jpg,252.730968
gs://live-deepfake-methods-real-and-fake-frames-cropped-teams/samples/minimal_processing_0899/frames/real/frame_0006.jpg,246.316294
gs://live-deepfake-methods-real-and-fake-frames-cropped-teams/samples/minimal_processing_0933/frames/real/frame_0000.jpg,45.719680
gs://live-deepfake-methods-real-and-fake-frames-cropped-teams/samples/minimal_processing_0933/frames/real/frame_0004.jpg,42.842862
gs://live-deepfake-methods-real-and-fake-frames-cropped-teams/samples/minimal_processing_0983/frames/real/frame_0000.jpg,96.630927
gs://live-deepfake-methods-real-and-fake-frames-cropped-teams/samples/minimal_processing_0983/frames/real/frame_0002.jpg,100.759591
gs://live-deepfake-methods-real-and-fake-frames-cropped-teams/samples/minimal_processing_0987/frames/real/frame_0012.jpg,206.520883
gs://live-deepfake-methods-real-and-fake-frames-cropped-teams/samples/minimal_processing_1037/frames/real/frame_0012.jpg,100.030543
gs://live-deepfake-methods-real-and-fake-frames-cropped-teams/samples/minimal_processing_1085/frames/real/frame_0002.jpg,107.893818
gs://live-deepfake-methods-real-and-fake-frames-cropped-teams/samples/minimal_processing_1085/frames/real/frame_0006.jpg,91.975540
gs://live-deepfake-methods-real-and-fake-frames-cropped-teams/samples/minimal_processing_1085/frames/real/frame_0012.jpg,79.789728
gs://live-deepfake-methods-real-and-fake-frames-cropped-teams/samples/minimal_processing_1107/frames/real/frame_0000.jpg,100.686569
gs://live-deepfake-methods-real-and-fake-frames-cropped-teams/samples/minimal_processing_1107/frames/real/frame_0006.jpg,89.079482
gs://live-deepfake-methods-real-and-fake-frames-cropped-teams/samples/minimal_processing_1109/frames/real/frame_0012.jpg,115.193793
gs://live-deepfake-methods-real-and-fake-frames-cropped-teams/samples/minimal_processing_1143/frames/real/frame_0000.jpg,29.244220
gs://live-deepfake-methods-real-and-fake-frames-cropped-teams/samples/minimal_processing_1143/frames/real/frame_0002.jpg,25.653136
gs://live-deepfake-methods-real-and-fake-frames-cropped-teams/samples/minimal_processing_1143/frames/real/frame_0004.jpg,37.542134
gs://live-deepfake-methods-real-and-fake-frames-cropped-teams/samples/minimal_processing_1143/frames/real/frame_0008.jpg,51.425112
gs://live-deepfake-methods-real-and-fake-frames-cropped-teams/samples/minimal_processing_1143/frames/real/frame_0010.jpg,46.987618
gs://live-deepfake-methods-real-and-fake-frames-cropped-teams/samples/minimal_processing_1143/frames/real/frame_0012.jpg,30.490531
gs://live-deepfake-methods-real-and-fake-frames-cropped-teams/samples/minimal_processing_1193/frames/real/frame_0004.jpg,126.545640
gs://live-deepfake-methods-real-and-fake-frames-cropped-teams/samples/minimal_processing_1222/frames/real/frame_0002.jpg,197.067567
gs://live-deepfake-methods-real-and-fake-frames-cropped-teams/samples/minimal_processing_1223/frames/real/frame_0000.jpg,56.839646
gs://live-deepfake-methods-real-and-fake-frames-cropped-teams/samples/minimal_processing_1223/frames/real/frame_0002.jpg,57.888842
gs://live-deepfake-methods-real-and-fake-frames-cropped-teams/samples/minimal_processing_1255/frames/real/frame_0000.jpg,122.977009
gs://live-deepfake-methods-real-and-fake-frames-cropped-teams/samples/minimal_processing_1255/frames/real/frame_0014.jpg,115.260204
gs://live-deepfake-methods-real-and-fake-frames-cropped-teams/samples/minimal_processing_1329/frames/real/frame_0012.jpg,121.367137
gs://live-deepfake-methods-real-and-fake-frames-cropped-teams/samples/minimal_processing_1329/frames/real/frame_0014.jpg,101.040449
gs://live-deepfake-methods-real-and-fake-frames-cropped-teams/samples/minimal_processing_1413/frames/real/frame_0006.jpg,273.019178
gs://live-deepfake-methods-real-and-fake-frames-cropped-teams/samples/minimal_processing_1513/frames/real/frame_0002.jpg,80.093173
gs://live-deepfake-methods-real-and-fake-frames-cropped-teams/samples/minimal_processing_1581/frames/real/frame_0004.jpg,105.120275
gs://live-deepfake-methods-real-and-fake-frames-cropped-teams/samples/minimal_processing_1627/frames/real/frame_0000.jpg,47.517800
gs://live-deepfake-methods-real-and-fake-frames-cropped-teams/samples/minimal_processing_1627/frames/real/frame_0004.jpg,66.372804
gs://live-deepfake-methods-real-and-fake-frames-cropped-teams/samples/minimal_processing_1714/frames/real/frame_0000.jpg,83.336774
gs://live-deepfake-methods-real-and-fake-frames-cropped-teams/samples/minimal_processing_1714/frames/real/frame_0014.jpg,87.310110
gs://live-deepfake-methods-real-and-fake-frames-cropped-teams/samples/minimal_processing_1788/frames/real/frame_0006.jpg,143.681401
gs://live-deepfake-methods-real-and-fake-frames-cropped-teams/samples/minimal_processing_1821/frames/real/frame_0014.jpg,124.160970
gs://live-deepfake-methods-real-and-fake-frames-cropped-teams/samples/minimal_processing_1877/frames/real/frame_0000.jpg,55.469429
gs://live-deepfake-methods-real-and-fake-frames-cropped-teams/samples/minimal_processing_1877/frames/real/frame_0014.jpg,84.175205
gs://live-deepfake-methods-real-and-fake-frames-cropped-teams/samples/minimal_processing_1906/frames/real/frame_0000.jpg,70.713941
gs://live-deepfake-methods-real-and-fake-frames-cropped-teams/samples/minimal_processing_1906/frames/real/frame_0002.jpg,67.994750
gs://live-deepfake-methods-real-and-fake-frames-cropped-teams/samples/minimal_processing_1906/frames/real/frame_0004.jpg,90.367549
gs://live-deepfake-methods-real-and-fake-frames-cropped-teams/samples/minimal_processing_1908/frames/real/frame_0002.jpg,310.467950
gs://live-deepfake-methods-real-and-fake-frames-cropped-teams/samples/minimal_processing_1909/frames/real/frame_0014.jpg,229.835804
gs://live-deepfake-methods-real-and-fake-frames-cropped-teams/samples/minimal_processing_1932/frames/real/frame_0012.jpg,66.561439
gs://live-deepfake-methods-real-and-fake-frames-cropped-teams/samples/minimal_processing_1933/frames/real/frame_0000.jpg,94.834874
gs://live-deepfake-methods-real-and-fake-frames-cropped-teams/samples/minimal_processing_1933/frames/real/frame_0014.jpg,74.716443
gs://live-deepfake-methods-real-and-fake-frames-cropped-teams/samples/minimal_processing_1971/frames/real/frame_0008.jpg,97.794833
gs://live-deepfake-methods-real-and-fake-frames-cropped-teams/samples/quality_enhancement_0002/frames/real/frame_0000.jpg,82.459485
gs://live-deepfake-methods-real-and-fake-frames-cropped-teams/samples/quality_enhancement_0087/frames/real/frame_0008.jpg,151.843711
gs://live-deepfake-methods-real-and-fake-frames-cropped-teams/samples/quality_enhancement_0087/frames/real/frame_0010.jpg,142.103270
gs://live-deepfake-methods-real-and-fake-frames-cropped-teams/samples/quality_enhancement_0088/frames/real/frame_0006.jpg,180.724224
gs://live-deepfake-methods-real-and-fake-frames-cropped-teams/samples/quality_enhancement_0116/frames/real/frame_0008.jpg,440.279241
gs://live-deepfake-methods-real-and-fake-frames-cropped-teams/samples/quality_enhancement_0202/frames/real/frame_0002.jpg,33.306519
gs://live-deepfake-methods-real-and-fake-frames-cropped-teams/samples/quality_enhancement_0205/frames/real/frame_0006.jpg,311.957147
gs://live-deepfake-methods-real-and-fake-frames-cropped-teams/samples/quality_enhancement_0263/frames/real/frame_0008.jpg,154.148893
gs://live-deepfake-methods-real-and-fake-frames-cropped-teams/samples/quality_enhancement_0263/frames/real/frame_0010.jpg,155.723148
gs://live-deepfake-methods-real-and-fake-frames-cropped-teams/samples/quality_enhancement_0266/frames/real/frame_0002.jpg,85.372156
gs://live-deepfake-methods-real-and-fake-frames-cropped-teams/samples/quality_enhancement_0266/frames/real/frame_0004.jpg,87.391870
gs://live-deepfake-methods-real-and-fake-frames-cropped-teams/samples/quality_enhancement_0314/frames/real/frame_0002.jpg,59.832817
gs://live-deepfake-methods-real-and-fake-frames-cropped-teams/samples/quality_enhancement_0314/frames/real/frame_0014.jpg,64.901121
gs://live-deepfake-methods-real-and-fake-frames-cropped-teams/samples/quality_enhancement_0388/frames/real/frame_0002.jpg,66.419189
gs://live-deepfake-methods-real-and-fake-frames-cropped-teams/samples/quality_enhancement_0388/frames/real/frame_0004.jpg,92.582408
gs://live-deepfake-methods-real-and-fake-frames-cropped-teams/samples/quality_enhancement_0388/frames/real/frame_0014.jpg,76.827157
gs://live-deepfake-methods-real-and-fake-frames-cropped-teams/samples/quality_enhancement_0430/frames/real/frame_0002.jpg,69.297693
gs://live-deepfake-methods-real-and-fake-frames-cropped-teams/samples/quality_enhancement_0469/frames/real/frame_0000.jpg,56.320216
gs://live-deepfake-methods-real-and-fake-frames-cropped-teams/samples/quality_enhancement_0469/frames/real/frame_0002.jpg,74.786573
gs://live-deepfake-methods-real-and-fake-frames-cropped-teams/samples/quality_enhancement_0469/frames/real/frame_0004.jpg,104.998866
gs://live-deepfake-methods-real-and-fake-frames-cropped-teams/samples/quality_enhancement_0524/frames/real/frame_0004.jpg,130.252616
gs://live-deepfake-methods-real-and-fake-frames-cropped-teams/samples/quality_enhancement_0692/frames/real/frame_0000.jpg,81.916809
gs://live-deepfake-methods-real-and-fake-frames-cropped-teams/samples/quality_enhancement_0698/frames/real/frame_0006.jpg,53.613160
gs://live-deepfake-methods-real-and-fake-frames-cropped-teams/samples/quality_enhancement_0701/frames/real/frame_0002.jpg,93.842626
gs://live-deepfake-methods-real-and-fake-frames-cropped-teams/samples/quality_enhancement_0701/frames/real/frame_0010.jpg,85.036929
gs://live-deepfake-methods-real-and-fake-frames-cropped-teams/samples/quality_enhancement_0701/frames/real/frame_0012.jpg,84.567465
gs://live-deepfake-methods-real-and-fake-frames-cropped-teams/samples/quality_enhancement_0813/frames/real/frame_0010.jpg,259.674764
gs://live-deepfake-methods-real-and-fake-frames-cropped-teams/samples/quality_enhancement_0893/frames/real/frame_0000.jpg,84.351830
gs://live-deepfake-methods-real-and-fake-frames-cropped-teams/samples/quality_enhancement_0896/frames/real/frame_0002.jpg,424.967497
gs://live-deepfake-methods-real-and-fake-frames-cropped-teams/samples/quality_enhancement_0896/frames/real/frame_0004.jpg,212.271685
gs://live-deepfake-methods-real-and-fake-frames-cropped-teams/samples/quality_enhancement_0896/frames/real/frame_0008.jpg,216.723685
gs://live-deepfake-methods-real-and-fake-frames-cropped-teams/samples/quality_enhancement_1045/frames/real/frame_0014.jpg,471.577302
gs://live-deepfake-methods-real-and-fake-frames-cropped-teams/samples/quality_enhancement_1101/frames/real/frame_0010.jpg,91.762397
gs://live-deepfake-methods-real-and-fake-frames-cropped-teams/samples/quality_enhancement_1222/frames/real/frame_0004.jpg,91.704101
gs://live-deepfake-methods-real-and-fake-frames-cropped-teams/samples/quality_enhancement_1222/frames/real/frame_0006.jpg,95.582722
gs://live-deepfake-methods-real-and-fake-frames-cropped-teams/samples/quality_enhancement_1222/frames/real/frame_0014.jpg,98.577061
gs://live-deepfake-methods-real-and-fake-frames-cropped-teams/samples/quality_enhancement_1278/frames/real/frame_0000.jpg,81.725104
gs://live-deepfake-methods-real-and-fake-frames-cropped-teams/samples/quality_enhancement_1278/frames/real/frame_0002.jpg,79.150276
gs://live-deepfake-methods-real-and-fake-frames-cropped-teams/samples/quality_enhancement_1278/frames/real/frame_0006.jpg,78.123124
gs://live-deepfake-methods-real-and-fake-frames-cropped-teams/samples/quality_enhancement_1278/frames/real/frame_0012.jpg,77.623597
gs://live-deepfake-methods-real-and-fake-frames-cropped-teams/samples/quality_enhancement_1358/frames/real/frame_0002.jpg,179.224229
gs://live-deepfake-methods-real-and-fake-frames-cropped-teams/samples/quality_enhancement_1409/frames/real/frame_0000.jpg,112.309153
gs://live-deepfake-methods-real-and-fake-frames-cropped-teams/samples/quality_enhancement_1409/frames/real/frame_0006.jpg,97.119658
gs://live-deepfake-methods-real-and-fake-frames-cropped-teams/samples/quality_enhancement_1409/frames/real/frame_0014.jpg,145.475354
gs://live-deepfake-methods-real-and-fake-frames-cropped-teams/samples/quality_enhancement_1496/frames/real/frame_0002.jpg,187.934692
gs://live-deepfake-methods-real-and-fake-frames-cropped-teams/samples/quality_enhancement_1508/frames/real/frame_0008.jpg,208.903352
gs://live-deepfake-methods-real-and-fake-frames-cropped-teams/samples/quality_enhancement_1588/frames/real/frame_0008.jpg,102.473220
gs://live-deepfake-methods-real-and-fake-frames-cropped-teams/samples/quality_enhancement_1588/frames/real/frame_0012.jpg,118.538156
gs://live-deepfake-methods-real-and-fake-frames-cropped-teams/samples/quality_enhancement_1596/frames/real/frame_0008.jpg,108.797977
gs://live-deepfake-methods-real-and-fake-frames-cropped-teams/samples/quality_enhancement_1596/frames/real/frame_0012.jpg,71.037858
gs://live-deepfake-methods-real-and-fake-frames-cropped-teams/samples/quality_enhancement_1732/frames/real/frame_0006.jpg,269.639826
gs://live-deepfake-methods-real-and-fake-frames-cropped-teams/samples/quality_enhancement_1747/frames/real/frame_0000.jpg,187.652903
gs://live-deepfake-methods-real-and-fake-frames-cropped-teams/samples/quality_enhancement_1877/frames/real/frame_0008.jpg,98.842269
gs://live-deepfake-methods-real-and-fake-frames-cropped-teams/samples/quality_enhancement_1878/frames/real/frame_0008.jpg,324.229285
gs://live-deepfake-methods-real-and-fake-frames-cropped-teams/samples/quality_enhancement_1912/frames/real/frame_0008.jpg,64.428307
