checkpoint_key,checkpoint_path,suite_name,report_path,threshold,n_videos,n_real,n_fake,accuracy,mean_prob,p50_prob,p90_prob,tn,fp,fn,tp,real_fpr,real_tnr,fake_recall,fake_fnr
SLOT_A_ANCHOR_AWARE_STEP3500,gs://training-job-outputs/best_checkpoints/hp35c51p/periodic_effort_20260516_step3500_auc0.9952_eer0.0123.pth,teams_real_all_dev,/Users/roeedar/Documents/repos/Effort-AIGI-Detection-DtectVision/DeepfakeBench/training/analysis/face_pool_scorecard_2026-05-22/reports/teams_real_all_dev_slot_a_anchor_aware_step3500_videos_report.csv,0.736775,3253,3253,0,0.936366,0.484423,0.461883,0.698915,3046,207,0,0,0.063634,0.936366,,
SLOT_A_ANCHOR_AWARE_STEP3500,gs://training-job-outputs/best_checkpoints/hp35c51p/periodic_effort_20260516_step3500_auc0.9952_eer0.0123.pth,teams_real_poor_quality_dev,/Users/roeedar/Documents/repos/Effort-AIGI-Detection-DtectVision/DeepfakeBench/training/analysis/face_pool_scorecard_2026-05-22/reports/teams_real_poor_quality_dev_slot_a_anchor_aware_step3500_videos_report.csv,0.736775,923,923,0,0.959913,0.479093,0.471259,0.683656,886,37,0,0,0.040087,0.959913,,
SLOT_A_ANCHOR_AWARE_STEP3500,gs://training-job-outputs/best_checkpoints/hp35c51p/periodic_effort_20260516_step3500_auc0.9952_eer0.0123.pth,teams_real_lighting_extreme_dev,/Users/roeedar/Documents/repos/Effort-AIGI-Detection-DtectVision/DeepfakeBench/training/analysis/face_pool_scorecard_2026-05-22/reports/teams_real_lighting_extreme_dev_slot_a_anchor_aware_step3500_videos_report.csv,0.736775,1401,1401,0,0.900071,0.525013,0.531104,0.736636,1261,140,0,0,0.099929,0.900071,,
SLOT_A_ANCHOR_AWARE_STEP3500,gs://training-job-outputs/best_checkpoints/hp35c51p/periodic_effort_20260516_step3500_auc0.9952_eer0.0123.pth,teams_fake_all_dev,/Users/roeedar/Documents/repos/Effort-AIGI-Detection-DtectVision/DeepfakeBench/training/analysis/face_pool_scorecard_2026-05-22/reports/teams_fake_all_dev_slot_a_anchor_aware_step3500_videos_report.csv,0.736775,2409,0,2409,0.629307,0.757043,0.779328,0.905887,0,0,893,1516,,,0.629307,0.370693
SLOT_A_ANCHOR_AWARE_STEP3500,gs://training-job-outputs/best_checkpoints/hp35c51p/periodic_effort_20260516_step3500_auc0.9952_eer0.0123.pth,visomaster_enhanced_macro_dev,/Users/roeedar/Documents/repos/Effort-AIGI-Detection-DtectVision/DeepfakeBench/training/analysis/face_pool_scorecard_2026-05-22/reports/visomaster_enhanced_macro_dev_slot_a_anchor_aware_step3500_videos_report.csv,0.736775,550,0,550,0.067273,0.565536,0.561861,0.713016,0,0,513,37,,,0.067273,0.932727
SLOT_A_ANCHOR_AWARE_STEP3500,gs://training-job-outputs/best_checkpoints/hp35c51p/periodic_effort_20260516_step3500_auc0.9952_eer0.0123.pth,deeplive_enhanced_dev,/Users/roeedar/Documents/repos/Effort-AIGI-Detection-DtectVision/DeepfakeBench/training/analysis/face_pool_scorecard_2026-05-22/reports/deeplive_enhanced_dev_slot_a_anchor_aware_step3500_videos_report.csv,0.736775,545,0,545,0.684404,0.754468,0.761925,0.807772,0,0,172,373,,,0.684404,0.315596
SLOT_A_ANCHOR_AWARE_STEP3500,gs://training-job-outputs/best_checkpoints/hp35c51p/periodic_effort_20260516_step3500_auc0.9952_eer0.0123.pth,teams_real_all_lockbox,/Users/roeedar/Documents/repos/Effort-AIGI-Detection-DtectVision/DeepfakeBench/training/analysis/face_pool_scorecard_2026-05-22/reports/teams_real_all_lockbox_slot_a_anchor_aware_step3500_videos_report.csv,0.736775,1361,1361,0,0.98457,0.561702,0.568738,0.664865,1340,21,0,0,0.01543,0.98457,,
SLOT_A_ANCHOR_AWARE_STEP3500,gs://training-job-outputs/best_checkpoints/hp35c51p/periodic_effort_20260516_step3500_auc0.9952_eer0.0123.pth,teams_fake_all_lockbox,/Users/roeedar/Documents/repos/Effort-AIGI-Detection-DtectVision/DeepfakeBench/training/analysis/face_pool_scorecard_2026-05-22/reports/teams_fake_all_lockbox_slot_a_anchor_aware_step3500_videos_report.csv,0.736775,253,0,253,0.766798,0.78598,0.795901,0.866839,0,0,59,194,,,0.766798,0.233202
SLOT_A_ANCHOR_AWARE_STEP3500,gs://training-job-outputs/best_checkpoints/hp35c51p/periodic_effort_20260516_step3500_auc0.9952_eer0.0123.pth,teams_real_dor_dev,/Users/roeedar/Documents/repos/Effort-AIGI-Detection-DtectVision/DeepfakeBench/training/analysis/face_pool_scorecard_2026-05-22/reports/teams_real_dor_dev_slot_a_anchor_aware_step3500_videos_report.csv,0.736775,50,50,0,0.92,0.584522,0.550588,0.712155,46,4,0,0,0.08,0.92,,
