seq_id,raw_uri,teams_uri,raw_prob,teams_prob,delta_teams_minus_raw
5402,gs://teams-faces-data-test-2914-fake-4420-real-feb-28/fake/visomaster_enhanced_raw__frame_000675_seq5402.png,gs://teams-faces-data-test-2914-fake-4420-real-feb-28/fake/visomaster_enhanced_teams__frame_000675_seq5402.png,0.8874689936637878,0.8721017241477966,-0.015367269515991211
5438,gs://teams-faces-data-test-2914-fake-4420-real-feb-28/fake/visomaster_enhanced_raw__frame_000679_seq5438.png,gs://teams-faces-data-test-2914-fake-4420-real-feb-28/fake/visomaster_enhanced_teams__frame_000679_seq5438.png,0.859279453754425,0.8335995078086853,-0.025679945945739746
5440,gs://teams-faces-data-test-2914-fake-4420-real-feb-28/fake/visomaster_enhanced_raw__frame_000677_seq5440.png,gs://teams-faces-data-test-2914-fake-4420-real-feb-28/fake/visomaster_enhanced_teams__frame_000677_seq5440.png,0.7678568363189697,0.8762754201889038,0.10841858386993408
5475,gs://teams-faces-data-test-2914-fake-4420-real-feb-28/fake/visomaster_enhanced_raw__frame_000683_seq5475.png,gs://teams-faces-data-test-2914-fake-4420-real-feb-28/fake/visomaster_enhanced_teams__frame_000683_seq5475.png,0.8851718306541443,0.8552732467651367,-0.02989858388900757
5477,gs://teams-faces-data-test-2914-fake-4420-real-feb-28/fake/visomaster_enhanced_raw__frame_000681_seq5477.png,gs://teams-faces-data-test-2914-fake-4420-real-feb-28/fake/visomaster_enhanced_teams__frame_000681_seq5477.png,0.8672499060630798,0.8387480974197388,-0.028501808643341064
5506,gs://teams-faces-data-test-2914-fake-4420-real-feb-28/fake/visomaster_enhanced_raw__frame_000687_seq5506.png,gs://teams-faces-data-test-2914-fake-4420-real-feb-28/fake/visomaster_enhanced_teams__frame_000687_seq5506.png,0.15186713635921478,0.6563345789909363,0.5044674426317215
5509,gs://teams-faces-data-test-2914-fake-4420-real-feb-28/fake/visomaster_enhanced_raw__frame_000685_seq5509.png,gs://teams-faces-data-test-2914-fake-4420-real-feb-28/fake/visomaster_enhanced_teams__frame_000685_seq5509.png,0.1994340419769287,0.6317912936210632,0.4323572516441345
5541,gs://teams-faces-data-test-2914-fake-4420-real-feb-28/fake/visomaster_enhanced_raw__frame_000691_seq5541.png,gs://teams-faces-data-test-2914-fake-4420-real-feb-28/fake/visomaster_enhanced_teams__frame_000691_seq5541.png,0.09177550673484802,0.35332560539245605,0.26155009865760803
5543,gs://teams-faces-data-test-2914-fake-4420-real-feb-28/fake/visomaster_enhanced_raw__frame_000689_seq5543.png,gs://teams-faces-data-test-2914-fake-4420-real-feb-28/fake/visomaster_enhanced_teams__frame_000689_seq5543.png,0.11247313022613525,0.5593466758728027,0.4468735456466675
5576,gs://teams-faces-data-test-2914-fake-4420-real-feb-28/fake/visomaster_enhanced_raw__frame_000695_seq5576.png,gs://teams-faces-data-test-2914-fake-4420-real-feb-28/fake/visomaster_enhanced_teams__frame_000695_seq5576.png,0.09204071760177612,0.1356184482574463,0.043577730655670166
5578,gs://teams-faces-data-test-2914-fake-4420-real-feb-28/fake/visomaster_enhanced_raw__frame_000693_seq5578.png,gs://teams-faces-data-test-2914-fake-4420-real-feb-28/fake/visomaster_enhanced_teams__frame_000693_seq5578.png,0.14602120220661163,0.2654488980770111,0.11942769587039948
5581,gs://teams-faces-data-test-2914-fake-4420-real-feb-28/fake/visomaster_enhanced_raw__frame_000697_seq5581.png,gs://teams-faces-data-test-2914-fake-4420-real-feb-28/fake/visomaster_enhanced_teams__frame_000697_seq5581.png,0.08744152635335922,0.6054322719573975,0.5179907456040382
5624,gs://teams-faces-data-test-2914-fake-4420-real-feb-28/fake/visomaster_enhanced_raw__frame_000701_seq5624.png,gs://teams-faces-data-test-2914-fake-4420-real-feb-28/fake/visomaster_enhanced_teams__frame_000701_seq5624.png,0.10382258892059326,0.4399530291557312,0.33613044023513794
5627,gs://teams-faces-data-test-2914-fake-4420-real-feb-28/fake/visomaster_enhanced_raw__frame_000699_seq5627.png,gs://teams-faces-data-test-2914-fake-4420-real-feb-28/fake/visomaster_enhanced_teams__frame_000699_seq5627.png,0.1203237920999527,0.14781706035137177,0.027493268251419067
5662,gs://teams-faces-data-test-2914-fake-4420-real-feb-28/fake/visomaster_enhanced_raw__frame_000705_seq5662.png,gs://teams-faces-data-test-2914-fake-4420-real-feb-28/fake/visomaster_enhanced_teams__frame_000705_seq5662.png,0.09394080191850662,0.4125114679336548,0.31857066601514816
5664,gs://teams-faces-data-test-2914-fake-4420-real-feb-28/fake/visomaster_enhanced_raw__frame_000703_seq5664.png,gs://teams-faces-data-test-2914-fake-4420-real-feb-28/fake/visomaster_enhanced_teams__frame_000703_seq5664.png,0.09325595200061798,0.24608813226222992,0.15283218026161194
5690,gs://teams-faces-data-test-2914-fake-4420-real-feb-28/fake/visomaster_enhanced_raw__frame_000709_seq5690.png,gs://teams-faces-data-test-2914-fake-4420-real-feb-28/fake/visomaster_enhanced_teams__frame_000709_seq5690.png,0.11072599142789841,0.3835369050502777,0.2728109136223793
5693,gs://teams-faces-data-test-2914-fake-4420-real-feb-28/fake/visomaster_enhanced_raw__frame_000707_seq5693.png,gs://teams-faces-data-test-2914-fake-4420-real-feb-28/fake/visomaster_enhanced_teams__frame_000707_seq5693.png,0.1287243813276291,0.2775346040725708,0.1488102227449417
5717,gs://teams-faces-data-test-2914-fake-4420-real-feb-28/fake/visomaster_enhanced_raw__frame_000713_seq5717.png,gs://teams-faces-data-test-2914-fake-4420-real-feb-28/fake/visomaster_enhanced_teams__frame_000713_seq5717.png,0.10699846595525742,0.3624288737773895,0.2554304078221321
5720,gs://teams-faces-data-test-2914-fake-4420-real-feb-28/fake/visomaster_enhanced_raw__frame_000711_seq5720.png,gs://teams-faces-data-test-2914-fake-4420-real-feb-28/fake/visomaster_enhanced_teams__frame_000711_seq5720.png,0.10652650147676468,0.28521326184272766,0.17868676036596298
5740,gs://teams-faces-data-test-2914-fake-4420-real-feb-28/fake/visomaster_enhanced_raw__frame_000717_seq5740.png,gs://teams-faces-data-test-2914-fake-4420-real-feb-28/fake/visomaster_enhanced_teams__frame_000717_seq5740.png,0.09695925563573837,0.1367492526769638,0.03978999704122543
5742,gs://teams-faces-data-test-2914-fake-4420-real-feb-28/fake/visomaster_enhanced_raw__frame_000715_seq5742.png,gs://teams-faces-data-test-2914-fake-4420-real-feb-28/fake/visomaster_enhanced_teams__frame_000715_seq5742.png,0.10098931193351746,0.2195730209350586,0.11858370900154114
5750,gs://teams-faces-data-test-2914-fake-4420-real-feb-28/fake/visomaster_enhanced_raw__frame_000719_seq5750.png,gs://teams-faces-data-test-2914-fake-4420-real-feb-28/fake/visomaster_enhanced_teams__frame_000719_seq5750.png,0.08907915651798248,0.14453457295894623,0.055455416440963745
5767,gs://teams-faces-data-test-2914-fake-4420-real-feb-28/fake/visomaster_enhanced_raw__frame_000721_seq5767.png,gs://teams-faces-data-test-2914-fake-4420-real-feb-28/fake/visomaster_enhanced_teams__frame_000721_seq5767.png,0.16219082474708557,0.3212279677391052,0.15903714299201965
5776,gs://teams-faces-data-test-2914-fake-4420-real-feb-28/fake/visomaster_enhanced_raw__frame_000725_seq5776.png,gs://teams-faces-data-test-2914-fake-4420-real-feb-28/fake/visomaster_enhanced_teams__frame_000725_seq5776.png,0.10185448825359344,0.4881565272808075,0.38630203902721405
5780,gs://teams-faces-data-test-2914-fake-4420-real-feb-28/fake/visomaster_enhanced_raw__frame_000723_seq5780.png,gs://teams-faces-data-test-2914-fake-4420-real-feb-28/fake/visomaster_enhanced_teams__frame_000723_seq5780.png,0.1453772336244583,0.472687691450119,0.3273104578256607
5803,gs://teams-faces-data-test-2914-fake-4420-real-feb-28/fake/visomaster_enhanced_raw__frame_000729_seq5803.png,gs://teams-faces-data-test-2914-fake-4420-real-feb-28/fake/visomaster_enhanced_teams__frame_000729_seq5803.png,0.11435176432132721,0.6216480135917664,0.5072962492704391
5805,gs://teams-faces-data-test-2914-fake-4420-real-feb-28/fake/visomaster_enhanced_raw__frame_000727_seq5805.png,gs://teams-faces-data-test-2914-fake-4420-real-feb-28/fake/visomaster_enhanced_teams__frame_000727_seq5805.png,0.10078173875808716,0.44586703181266785,0.3450852930545807
5827,gs://teams-faces-data-test-2914-fake-4420-real-feb-28/fake/visomaster_enhanced_raw__frame_000733_seq5827.png,gs://teams-faces-data-test-2914-fake-4420-real-feb-28/fake/visomaster_enhanced_teams__frame_000733_seq5827.png,0.10658947378396988,0.14877738058567047,0.04218790680170059
5829,gs://teams-faces-data-test-2914-fake-4420-real-feb-28/fake/visomaster_enhanced_raw__frame_000731_seq5829.png,gs://teams-faces-data-test-2914-fake-4420-real-feb-28/fake/visomaster_enhanced_teams__frame_000731_seq5829.png,0.10370668768882751,0.20584571361541748,0.10213902592658997
5843,gs://teams-faces-data-test-2914-fake-4420-real-feb-28/fake/visomaster_enhanced_raw__frame_000737_seq5843.png,gs://teams-faces-data-test-2914-fake-4420-real-feb-28/fake/visomaster_enhanced_teams__frame_000737_seq5843.png,0.07416622340679169,0.11058338731527328,0.0364171639084816
5845,gs://teams-faces-data-test-2914-fake-4420-real-feb-28/fake/visomaster_enhanced_raw__frame_000735_seq5845.png,gs://teams-faces-data-test-2914-fake-4420-real-feb-28/fake/visomaster_enhanced_teams__frame_000735_seq5845.png,0.07925953716039658,0.2622229754924774,0.18296343833208084
5849,gs://teams-faces-data-test-2914-fake-4420-real-feb-28/fake/visomaster_enhanced_raw__frame_000743_seq5849.png,gs://teams-faces-data-test-2914-fake-4420-real-feb-28/fake/visomaster_enhanced_teams__frame_000743_seq5849.png,0.08192802220582962,0.11635641753673553,0.034428395330905914
5853,gs://teams-faces-data-test-2914-fake-4420-real-feb-28/fake/visomaster_enhanced_raw__frame_000739_seq5853.png,gs://teams-faces-data-test-2914-fake-4420-real-feb-28/fake/visomaster_enhanced_teams__frame_000739_seq5853.png,0.08763115108013153,0.14243999123573303,0.0548088401556015
5855,gs://teams-faces-data-test-2914-fake-4420-real-feb-28/fake/visomaster_enhanced_raw__frame_000741_seq5855.png,gs://teams-faces-data-test-2914-fake-4420-real-feb-28/fake/visomaster_enhanced_teams__frame_000741_seq5855.png,0.09432116895914078,0.2036321759223938,0.10931100696325302
5870,gs://teams-faces-data-test-2914-fake-4420-real-feb-28/fake/visomaster_enhanced_raw__frame_000747_seq5870.png,gs://teams-faces-data-test-2914-fake-4420-real-feb-28/fake/visomaster_enhanced_teams__frame_000747_seq5870.png,0.09101907908916473,0.18830369412899017,0.09728461503982544
5872,gs://teams-faces-data-test-2914-fake-4420-real-feb-28/fake/visomaster_enhanced_raw__frame_000745_seq5872.png,gs://teams-faces-data-test-2914-fake-4420-real-feb-28/fake/visomaster_enhanced_teams__frame_000745_seq5872.png,0.09808345884084702,0.24282850325107574,0.14474504441022873
5889,gs://teams-faces-data-test-2914-fake-4420-real-feb-28/fake/visomaster_enhanced_raw__frame_000749_seq5889.png,gs://teams-faces-data-test-2914-fake-4420-real-feb-28/fake/visomaster_enhanced_teams__frame_000749_seq5889.png,0.112248495221138,0.2279338240623474,0.11568532884120941
6022,gs://teams-faces-data-test-2914-fake-4420-real-feb-28/fake/visomaster_enhanced_raw__frame_000787_seq6022.png,gs://teams-faces-data-test-2914-fake-4420-real-feb-28/fake/visomaster_enhanced_teams__frame_000787_seq6022.png,0.11641591042280197,0.29440924525260925,0.17799333482980728
6024,gs://teams-faces-data-test-2914-fake-4420-real-feb-28/fake/visomaster_enhanced_raw__frame_000785_seq6024.png,gs://teams-faces-data-test-2914-fake-4420-real-feb-28/fake/visomaster_enhanced_teams__frame_000785_seq6024.png,0.15881885588169098,0.2602374255657196,0.10141856968402863
6040,gs://teams-faces-data-test-2914-fake-4420-real-feb-28/fake/visomaster_enhanced_raw__frame_000789_seq6040.png,gs://teams-faces-data-test-2914-fake-4420-real-feb-28/fake/visomaster_enhanced_teams__frame_000789_seq6040.png,0.11178436875343323,0.20044566690921783,0.0886612981557846
6047,gs://teams-faces-data-test-2914-fake-4420-real-feb-28/fake/visomaster_enhanced_raw__frame_000791_seq6047.png,gs://teams-faces-data-test-2914-fake-4420-real-feb-28/fake/visomaster_enhanced_teams__frame_000791_seq6047.png,0.2402181476354599,0.677277684211731,0.43705953657627106
6057,gs://teams-faces-data-test-2914-fake-4420-real-feb-28/fake/visomaster_enhanced_raw__frame_000793_seq6057.png,gs://teams-faces-data-test-2914-fake-4420-real-feb-28/fake/visomaster_enhanced_teams__frame_000793_seq6057.png,0.14313678443431854,0.39620742201805115,0.2530706375837326
6064,gs://teams-faces-data-test-2914-fake-4420-real-feb-28/fake/visomaster_enhanced_raw__frame_000797_seq6064.png,gs://teams-faces-data-test-2914-fake-4420-real-feb-28/fake/visomaster_enhanced_teams__frame_000797_seq6064.png,0.11302211880683899,0.3212571144104004,0.2082349956035614
6067,gs://teams-faces-data-test-2914-fake-4420-real-feb-28/fake/visomaster_enhanced_raw__frame_000795_seq6067.png,gs://teams-faces-data-test-2914-fake-4420-real-feb-28/fake/visomaster_enhanced_teams__frame_000795_seq6067.png,0.10117213428020477,0.40902677178382874,0.30785463750362396
6073,gs://teams-faces-data-test-2914-fake-4420-real-feb-28/fake/visomaster_enhanced_raw__frame_000801_seq6073.png,gs://teams-faces-data-test-2914-fake-4420-real-feb-28/fake/visomaster_enhanced_teams__frame_000801_seq6073.png,0.09870485961437225,0.13461214303970337,0.035907283425331116
6084,gs://teams-faces-data-test-2914-fake-4420-real-feb-28/fake/visomaster_enhanced_raw__frame_000799_seq6084.png,gs://teams-faces-data-test-2914-fake-4420-real-feb-28/fake/visomaster_enhanced_teams__frame_000799_seq6084.png,0.1363152265548706,0.137888103723526,0.0015728771686553955
6089,gs://teams-faces-data-test-2914-fake-4420-real-feb-28/fake/visomaster_enhanced_raw__frame_000803_seq6089.png,gs://teams-faces-data-test-2914-fake-4420-real-feb-28/fake/visomaster_enhanced_teams__frame_000803_seq6089.png,0.10190465301275253,0.26726433634757996,0.16535968333482742
6096,gs://teams-faces-data-test-2914-fake-4420-real-feb-28/fake/visomaster_enhanced_raw__frame_000805_seq6096.png,gs://teams-faces-data-test-2914-fake-4420-real-feb-28/fake/visomaster_enhanced_teams__frame_000805_seq6096.png,0.10654368996620178,0.24814675748348236,0.14160306751728058
6104,gs://teams-faces-data-test-2914-fake-4420-real-feb-28/fake/visomaster_enhanced_raw__frame_000807_seq6104.png,gs://teams-faces-data-test-2914-fake-4420-real-feb-28/fake/visomaster_enhanced_teams__frame_000807_seq6104.png,0.11159402132034302,0.12523584067821503,0.01364181935787201
6114,gs://teams-faces-data-test-2914-fake-4420-real-feb-28/fake/visomaster_enhanced_raw__frame_000811_seq6114.png,gs://teams-faces-data-test-2914-fake-4420-real-feb-28/fake/visomaster_enhanced_teams__frame_000811_seq6114.png,0.1262260377407074,0.4832824468612671,0.3570564091205597
6116,gs://teams-faces-data-test-2914-fake-4420-real-feb-28/fake/visomaster_enhanced_raw__frame_000809_seq6116.png,gs://teams-faces-data-test-2914-fake-4420-real-feb-28/fake/visomaster_enhanced_teams__frame_000809_seq6116.png,0.09505947679281235,0.2906186878681183,0.19555921107530594
6133,gs://teams-faces-data-test-2914-fake-4420-real-feb-28/fake/visomaster_enhanced_raw__frame_000819_seq6133.png,gs://teams-faces-data-test-2914-fake-4420-real-feb-28/fake/visomaster_enhanced_teams__frame_000819_seq6133.png,0.0934203565120697,0.46947064995765686,0.37605029344558716
6134,gs://teams-faces-data-test-2914-fake-4420-real-feb-28/fake/visomaster_enhanced_raw__frame_000815_seq6134.png,gs://teams-faces-data-test-2914-fake-4420-real-feb-28/fake/visomaster_enhanced_teams__frame_000815_seq6134.png,0.09971047937870026,0.43950358033180237,0.3397931009531021
6137,gs://teams-faces-data-test-2914-fake-4420-real-feb-28/fake/visomaster_enhanced_raw__frame_000813_seq6137.png,gs://teams-faces-data-test-2914-fake-4420-real-feb-28/fake/visomaster_enhanced_teams__frame_000813_seq6137.png,0.12778671085834503,0.4089866280555725,0.2811999171972275
6139,gs://teams-faces-data-test-2914-fake-4420-real-feb-28/fake/visomaster_enhanced_raw__frame_000817_seq6139.png,gs://teams-faces-data-test-2914-fake-4420-real-feb-28/fake/visomaster_enhanced_teams__frame_000817_seq6139.png,0.123846635222435,0.31405484676361084,0.19020821154117584
6155,gs://teams-faces-data-test-2914-fake-4420-real-feb-28/fake/visomaster_enhanced_raw__frame_000821_seq6155.png,gs://teams-faces-data-test-2914-fake-4420-real-feb-28/fake/visomaster_enhanced_teams__frame_000821_seq6155.png,0.09461894631385803,0.22292287647724152,0.12830393016338348
6165,gs://teams-faces-data-test-2914-fake-4420-real-feb-28/fake/visomaster_enhanced_raw__frame_000823_seq6165.png,gs://teams-faces-data-test-2914-fake-4420-real-feb-28/fake/visomaster_enhanced_teams__frame_000823_seq6165.png,0.10212088376283646,0.20377419888973236,0.1016533151268959
6173,gs://teams-faces-data-test-2914-fake-4420-real-feb-28/fake/visomaster_enhanced_raw__frame_000825_seq6173.png,gs://teams-faces-data-test-2914-fake-4420-real-feb-28/fake/visomaster_enhanced_teams__frame_000825_seq6173.png,0.12277457863092422,0.21525432169437408,0.09247974306344986
6185,gs://teams-faces-data-test-2914-fake-4420-real-feb-28/fake/visomaster_enhanced_raw__frame_000829_seq6185.png,gs://teams-faces-data-test-2914-fake-4420-real-feb-28/fake/visomaster_enhanced_teams__frame_000829_seq6185.png,0.14968101680278778,0.43341660499572754,0.28373558819293976
6187,gs://teams-faces-data-test-2914-fake-4420-real-feb-28/fake/visomaster_enhanced_raw__frame_000827_seq6187.png,gs://teams-faces-data-test-2914-fake-4420-real-feb-28/fake/visomaster_enhanced_teams__frame_000827_seq6187.png,0.15102003514766693,0.33869507908821106,0.18767504394054413
6204,gs://teams-faces-data-test-2914-fake-4420-real-feb-28/fake/visomaster_enhanced_raw__frame_000833_seq6204.png,gs://teams-faces-data-test-2914-fake-4420-real-feb-28/fake/visomaster_enhanced_teams__frame_000833_seq6204.png,0.28334692120552063,0.3103262782096863,0.02697935700416565
6207,gs://teams-faces-data-test-2914-fake-4420-real-feb-28/fake/visomaster_enhanced_raw__frame_000831_seq6207.png,gs://teams-faces-data-test-2914-fake-4420-real-feb-28/fake/visomaster_enhanced_teams__frame_000831_seq6207.png,0.19936920702457428,0.27358952164649963,0.07422031462192535
6237,gs://teams-faces-data-test-2914-fake-4420-real-feb-28/fake/visomaster_enhanced_raw__frame_000835_seq6237.png,gs://teams-faces-data-test-2914-fake-4420-real-feb-28/fake/visomaster_enhanced_teams__frame_000835_seq6237.png,0.2100801169872284,0.6340981721878052,0.4240180552005768
6254,gs://teams-faces-data-test-2914-fake-4420-real-feb-28/fake/visomaster_enhanced_raw__frame_000839_seq6254.png,gs://teams-faces-data-test-2914-fake-4420-real-feb-28/fake/visomaster_enhanced_teams__frame_000839_seq6254.png,0.10352811217308044,0.14531849324703217,0.04179038107395172
6256,gs://teams-faces-data-test-2914-fake-4420-real-feb-28/fake/visomaster_enhanced_raw__frame_000837_seq6256.png,gs://teams-faces-data-test-2914-fake-4420-real-feb-28/fake/visomaster_enhanced_teams__frame_000837_seq6256.png,0.10823492705821991,0.15679217875003815,0.04855725169181824
6291,gs://teams-faces-data-test-2914-fake-4420-real-feb-28/fake/visomaster_enhanced_raw__frame_000843_seq6291.png,gs://teams-faces-data-test-2914-fake-4420-real-feb-28/fake/visomaster_enhanced_teams__frame_000843_seq6291.png,0.14459744095802307,0.22795113921165466,0.08335369825363159
6293,gs://teams-faces-data-test-2914-fake-4420-real-feb-28/fake/visomaster_enhanced_raw__frame_000841_seq6293.png,gs://teams-faces-data-test-2914-fake-4420-real-feb-28/fake/visomaster_enhanced_teams__frame_000841_seq6293.png,0.22338412702083588,0.3752906322479248,0.15190650522708893
8332,gs://teams-faces-data-test-2914-fake-4420-real-feb-28/fake/visomaster_enhanced_raw__frame_001103_seq8332.png,gs://teams-faces-data-test-2914-fake-4420-real-feb-28/fake/visomaster_enhanced_teams__frame_001103_seq8332.png,0.2797282934188843,0.635645866394043,0.3559175729751587
8334,gs://teams-faces-data-test-2914-fake-4420-real-feb-28/fake/visomaster_enhanced_raw__frame_001101_seq8334.png,gs://teams-faces-data-test-2914-fake-4420-real-feb-28/fake/visomaster_enhanced_teams__frame_001101_seq8334.png,0.2614784240722656,0.5873478651046753,0.32586944103240967
8350,gs://teams-faces-data-test-2914-fake-4420-real-feb-28/fake/visomaster_enhanced_raw__frame_001105_seq8350.png,gs://teams-faces-data-test-2914-fake-4420-real-feb-28/fake/visomaster_enhanced_teams__frame_001105_seq8350.png,0.3247392475605011,0.6084965467453003,0.2837572991847992
8369,gs://teams-faces-data-test-2914-fake-4420-real-feb-28/fake/visomaster_enhanced_raw__frame_001107_seq8369.png,gs://teams-faces-data-test-2914-fake-4420-real-feb-28/fake/visomaster_enhanced_teams__frame_001107_seq8369.png,0.27347588539123535,0.4129393398761749,0.13946345448493958
8383,gs://teams-faces-data-test-2914-fake-4420-real-feb-28/fake/visomaster_enhanced_raw__frame_001109_seq8383.png,gs://teams-faces-data-test-2914-fake-4420-real-feb-28/fake/visomaster_enhanced_teams__frame_001109_seq8383.png,0.2652705907821655,0.5915296673774719,0.3262590765953064
8406,gs://teams-faces-data-test-2914-fake-4420-real-feb-28/fake/visomaster_enhanced_raw__frame_001111_seq8406.png,gs://teams-faces-data-test-2914-fake-4420-real-feb-28/fake/visomaster_enhanced_teams__frame_001111_seq8406.png,0.31675204634666443,0.39870426058769226,0.08195221424102783
8477,gs://teams-faces-data-test-2914-fake-4420-real-feb-28/fake/visomaster_enhanced_raw__frame_001115_seq8477.png,gs://teams-faces-data-test-2914-fake-4420-real-feb-28/fake/visomaster_enhanced_teams__frame_001115_seq8477.png,0.2716430127620697,0.6747938394546509,0.4031508266925812
8479,gs://teams-faces-data-test-2914-fake-4420-real-feb-28/fake/visomaster_enhanced_raw__frame_001113_seq8479.png,gs://teams-faces-data-test-2914-fake-4420-real-feb-28/fake/visomaster_enhanced_teams__frame_001113_seq8479.png,0.2716430127620697,0.4882969260215759,0.21665391325950623
8495,gs://teams-faces-data-test-2914-fake-4420-real-feb-28/fake/visomaster_enhanced_raw__frame_001117_seq8495.png,gs://teams-faces-data-test-2914-fake-4420-real-feb-28/fake/visomaster_enhanced_teams__frame_001117_seq8495.png,0.5939303636550903,0.6705225706100464,0.07659220695495605
8512,gs://teams-faces-data-test-2914-fake-4420-real-feb-28/fake/visomaster_enhanced_raw__frame_001121_seq8512.png,gs://teams-faces-data-test-2914-fake-4420-real-feb-28/fake/visomaster_enhanced_teams__frame_001121_seq8512.png,0.26896339654922485,0.43469464778900146,0.1657312512397766
8514,gs://teams-faces-data-test-2914-fake-4420-real-feb-28/fake/visomaster_enhanced_raw__frame_001119_seq8514.png,gs://teams-faces-data-test-2914-fake-4420-real-feb-28/fake/visomaster_enhanced_teams__frame_001119_seq8514.png,0.3045313060283661,0.6528046131134033,0.34827330708503723
8547,gs://teams-faces-data-test-2914-fake-4420-real-feb-28/fake/visomaster_enhanced_raw__frame_001123_seq8547.png,gs://teams-faces-data-test-2914-fake-4420-real-feb-28/fake/visomaster_enhanced_teams__frame_001123_seq8547.png,0.3107902407646179,0.5174196362495422,0.20662939548492432
8566,gs://teams-faces-data-test-2914-fake-4420-real-feb-28/fake/visomaster_enhanced_raw__frame_001125_seq8566.png,gs://teams-faces-data-test-2914-fake-4420-real-feb-28/fake/visomaster_enhanced_teams__frame_001125_seq8566.png,0.37469369173049927,0.6852255463600159,0.3105318546295166
8583,gs://teams-faces-data-test-2914-fake-4420-real-feb-28/fake/visomaster_enhanced_raw__frame_001129_seq8583.png,gs://teams-faces-data-test-2914-fake-4420-real-feb-28/fake/visomaster_enhanced_teams__frame_001129_seq8583.png,0.1706734597682953,0.5740452408790588,0.40337178111076355
8585,gs://teams-faces-data-test-2914-fake-4420-real-feb-28/fake/visomaster_enhanced_raw__frame_001127_seq8585.png,gs://teams-faces-data-test-2914-fake-4420-real-feb-28/fake/visomaster_enhanced_teams__frame_001127_seq8585.png,0.27453166246414185,0.6176759004592896,0.3431442379951477
8760,gs://teams-faces-data-test-2914-fake-4420-real-feb-28/fake/visomaster_enhanced_raw__frame_001131_seq8760.png,gs://teams-faces-data-test-2914-fake-4420-real-feb-28/fake/visomaster_enhanced_teams__frame_001131_seq8760.png,0.8249083161354065,0.7601138949394226,-0.06479442119598389
8778,gs://teams-faces-data-test-2914-fake-4420-real-feb-28/fake/visomaster_enhanced_raw__frame_001133_seq8778.png,gs://teams-faces-data-test-2914-fake-4420-real-feb-28/fake/visomaster_enhanced_teams__frame_001133_seq8778.png,0.77629554271698,0.7727833390235901,-0.0035122036933898926
8786,gs://teams-faces-data-test-2914-fake-4420-real-feb-28/fake/visomaster_enhanced_raw__frame_001135_seq8786.png,gs://teams-faces-data-test-2914-fake-4420-real-feb-28/fake/visomaster_enhanced_teams__frame_001135_seq8786.png,0.7559202313423157,0.8011797070503235,0.04525947570800781
8806,gs://teams-faces-data-test-2914-fake-4420-real-feb-28/fake/visomaster_enhanced_raw__frame_001137_seq8806.png,gs://teams-faces-data-test-2914-fake-4420-real-feb-28/fake/visomaster_enhanced_teams__frame_001137_seq8806.png,0.8285784721374512,0.7370129823684692,-0.09156548976898193
8815,gs://teams-faces-data-test-2914-fake-4420-real-feb-28/fake/visomaster_enhanced_raw__frame_001139_seq8815.png,gs://teams-faces-data-test-2914-fake-4420-real-feb-28/fake/visomaster_enhanced_teams__frame_001139_seq8815.png,0.8538239598274231,0.8406968712806702,-0.01312708854675293
8837,gs://teams-faces-data-test-2914-fake-4420-real-feb-28/fake/visomaster_enhanced_raw__frame_001141_seq8837.png,gs://teams-faces-data-test-2914-fake-4420-real-feb-28/fake/visomaster_enhanced_teams__frame_001141_seq8837.png,0.8192387223243713,0.7073663473129272,-0.11187237501144409
8847,gs://teams-faces-data-test-2914-fake-4420-real-feb-28/fake/visomaster_enhanced_raw__frame_001143_seq8847.png,gs://teams-faces-data-test-2914-fake-4420-real-feb-28/fake/visomaster_enhanced_teams__frame_001143_seq8847.png,0.8197547793388367,0.7491350173950195,-0.07061976194381714
8865,gs://teams-faces-data-test-2914-fake-4420-real-feb-28/fake/visomaster_enhanced_raw__frame_001145_seq8865.png,gs://teams-faces-data-test-2914-fake-4420-real-feb-28/fake/visomaster_enhanced_teams__frame_001145_seq8865.png,0.8177049160003662,0.751287579536438,-0.06641733646392822
8946,gs://teams-faces-data-test-2914-fake-4420-real-feb-28/fake/visomaster_enhanced_raw__frame_001157_seq8946.png,gs://teams-faces-data-test-2914-fake-4420-real-feb-28/fake/visomaster_enhanced_teams__frame_001157_seq8946.png,0.816154420375824,0.6605259776115417,-0.15562844276428223
8958,gs://teams-faces-data-test-2914-fake-4420-real-feb-28/fake/visomaster_enhanced_raw__frame_001159_seq8958.png,gs://teams-faces-data-test-2914-fake-4420-real-feb-28/fake/visomaster_enhanced_teams__frame_001159_seq8958.png,0.8183155059814453,0.773354709148407,-0.04496079683303833
8977,gs://teams-faces-data-test-2914-fake-4420-real-feb-28/fake/visomaster_enhanced_raw__frame_001161_seq8977.png,gs://teams-faces-data-test-2914-fake-4420-real-feb-28/fake/visomaster_enhanced_teams__frame_001161_seq8977.png,0.7388867735862732,0.8373264670372009,0.09843969345092773
8987,gs://teams-faces-data-test-2914-fake-4420-real-feb-28/fake/visomaster_enhanced_raw__frame_001163_seq8987.png,gs://teams-faces-data-test-2914-fake-4420-real-feb-28/fake/visomaster_enhanced_teams__frame_001163_seq8987.png,0.284505695104599,0.10653842240571976,-0.17796727269887924
9005,gs://teams-faces-data-test-2914-fake-4420-real-feb-28/fake/visomaster_enhanced_raw__frame_001165_seq9005.png,gs://teams-faces-data-test-2914-fake-4420-real-feb-28/fake/visomaster_enhanced_teams__frame_001165_seq9005.png,0.8217782378196716,0.7045502066612244,-0.11722803115844727
9012,gs://teams-faces-data-test-2914-fake-4420-real-feb-28/fake/visomaster_enhanced_raw__frame_001167_seq9012.png,gs://teams-faces-data-test-2914-fake-4420-real-feb-28/fake/visomaster_enhanced_teams__frame_001167_seq9012.png,0.7608658671379089,0.8142755627632141,0.053409695625305176
9029,gs://teams-faces-data-test-2914-fake-4420-real-feb-28/fake/visomaster_enhanced_raw__frame_001169_seq9029.png,gs://teams-faces-data-test-2914-fake-4420-real-feb-28/fake/visomaster_enhanced_teams__frame_001169_seq9029.png,0.7408461570739746,0.7319742441177368,-0.008871912956237793
9038,gs://teams-faces-data-test-2914-fake-4420-real-feb-28/fake/visomaster_enhanced_raw__frame_001171_seq9038.png,gs://teams-faces-data-test-2914-fake-4420-real-feb-28/fake/visomaster_enhanced_teams__frame_001171_seq9038.png,0.7617599368095398,0.7382680177688599,-0.02349191904067993
9056,gs://teams-faces-data-test-2914-fake-4420-real-feb-28/fake/visomaster_enhanced_raw__frame_001173_seq9056.png,gs://teams-faces-data-test-2914-fake-4420-real-feb-28/fake/visomaster_enhanced_teams__frame_001173_seq9056.png,0.6770920157432556,0.4779653251171112,-0.1991266906261444
9067,gs://teams-faces-data-test-2914-fake-4420-real-feb-28/fake/visomaster_enhanced_raw__frame_001175_seq9067.png,gs://teams-faces-data-test-2914-fake-4420-real-feb-28/fake/visomaster_enhanced_teams__frame_001175_seq9067.png,0.6770787835121155,0.3512776494026184,-0.32580113410949707
9084,gs://teams-faces-data-test-2914-fake-4420-real-feb-28/fake/visomaster_enhanced_raw__frame_001177_seq9084.png,gs://teams-faces-data-test-2914-fake-4420-real-feb-28/fake/visomaster_enhanced_teams__frame_001177_seq9084.png,0.8262020349502563,0.7675309181213379,-0.05867111682891846
9091,gs://teams-faces-data-test-2914-fake-4420-real-feb-28/fake/visomaster_enhanced_raw__frame_001179_seq9091.png,gs://teams-faces-data-test-2914-fake-4420-real-feb-28/fake/visomaster_enhanced_teams__frame_001179_seq9091.png,0.812954306602478,0.7468842267990112,-0.0660700798034668
9105,gs://teams-faces-data-test-2914-fake-4420-real-feb-28/fake/visomaster_enhanced_raw__frame_001181_seq9105.png,gs://teams-faces-data-test-2914-fake-4420-real-feb-28/fake/visomaster_enhanced_teams__frame_001181_seq9105.png,0.7498733401298523,0.6783488988876343,-0.07152444124221802
9115,gs://teams-faces-data-test-2914-fake-4420-real-feb-28/fake/visomaster_enhanced_raw__frame_001183_seq9115.png,gs://teams-faces-data-test-2914-fake-4420-real-feb-28/fake/visomaster_enhanced_teams__frame_001183_seq9115.png,0.7960129976272583,0.6097604632377625,-0.18625253438949585
9130,gs://teams-faces-data-test-2914-fake-4420-real-feb-28/fake/visomaster_enhanced_raw__frame_001185_seq9130.png,gs://teams-faces-data-test-2914-fake-4420-real-feb-28/fake/visomaster_enhanced_teams__frame_001185_seq9130.png,0.8091456294059753,0.770415186882019,-0.0387304425239563
9141,gs://teams-faces-data-test-2914-fake-4420-real-feb-28/fake/visomaster_enhanced_raw__frame_001187_seq9141.png,gs://teams-faces-data-test-2914-fake-4420-real-feb-28/fake/visomaster_enhanced_teams__frame_001187_seq9141.png,0.7699626684188843,0.7179754376411438,-0.05198723077774048
9158,gs://teams-faces-data-test-2914-fake-4420-real-feb-28/fake/visomaster_enhanced_raw__frame_001189_seq9158.png,gs://teams-faces-data-test-2914-fake-4420-real-feb-28/fake/visomaster_enhanced_teams__frame_001189_seq9158.png,0.6394491195678711,0.690830409526825,0.05138128995895386
9166,gs://teams-faces-data-test-2914-fake-4420-real-feb-28/fake/visomaster_enhanced_raw__frame_001191_seq9166.png,gs://teams-faces-data-test-2914-fake-4420-real-feb-28/fake/visomaster_enhanced_teams__frame_001191_seq9166.png,0.7526509761810303,0.7926926612854004,0.04004168510437012
9188,gs://teams-faces-data-test-2914-fake-4420-real-feb-28/fake/visomaster_enhanced_raw__frame_001193_seq9188.png,gs://teams-faces-data-test-2914-fake-4420-real-feb-28/fake/visomaster_enhanced_teams__frame_001193_seq9188.png,0.8144940733909607,0.8010480999946594,-0.01344597339630127
9190,gs://teams-faces-data-test-2914-fake-4420-real-feb-28/fake/visomaster_enhanced_raw__frame_001195_seq9190.png,gs://teams-faces-data-test-2914-fake-4420-real-feb-28/fake/visomaster_enhanced_teams__frame_001195_seq9190.png,0.8052828311920166,0.819852352142334,0.014569520950317383
9207,gs://teams-faces-data-test-2914-fake-4420-real-feb-28/fake/visomaster_enhanced_raw__frame_001197_seq9207.png,gs://teams-faces-data-test-2914-fake-4420-real-feb-28/fake/visomaster_enhanced_teams__frame_001197_seq9207.png,0.8392507433891296,0.6481569409370422,-0.1910938024520874
9219,gs://teams-faces-data-test-2914-fake-4420-real-feb-28/fake/visomaster_enhanced_raw__frame_001199_seq9219.png,gs://teams-faces-data-test-2914-fake-4420-real-feb-28/fake/visomaster_enhanced_teams__frame_001199_seq9219.png,0.7907030582427979,0.7902490496635437,-0.0004540085792541504
9234,gs://teams-faces-data-test-2914-fake-4420-real-feb-28/fake/visomaster_enhanced_raw__frame_001201_seq9234.png,gs://teams-faces-data-test-2914-fake-4420-real-feb-28/fake/visomaster_enhanced_teams__frame_001201_seq9234.png,0.6813727617263794,0.7316252589225769,0.05025249719619751
9246,gs://teams-faces-data-test-2914-fake-4420-real-feb-28/fake/visomaster_enhanced_raw__frame_001203_seq9246.png,gs://teams-faces-data-test-2914-fake-4420-real-feb-28/fake/visomaster_enhanced_teams__frame_001203_seq9246.png,0.7749122381210327,0.7252760529518127,-0.04963618516921997
9264,gs://teams-faces-data-test-2914-fake-4420-real-feb-28/fake/visomaster_enhanced_raw__frame_001205_seq9264.png,gs://teams-faces-data-test-2914-fake-4420-real-feb-28/fake/visomaster_enhanced_teams__frame_001205_seq9264.png,0.7222123146057129,0.7556129693984985,0.033400654792785645
9272,gs://teams-faces-data-test-2914-fake-4420-real-feb-28/fake/visomaster_enhanced_raw__frame_001209_seq9272.png,gs://teams-faces-data-test-2914-fake-4420-real-feb-28/fake/visomaster_enhanced_teams__frame_001209_seq9272.png,0.7971464991569519,0.7660752534866333,-0.031071245670318604
9275,gs://teams-faces-data-test-2914-fake-4420-real-feb-28/fake/visomaster_enhanced_raw__frame_001207_seq9275.png,gs://teams-faces-data-test-2914-fake-4420-real-feb-28/fake/visomaster_enhanced_teams__frame_001207_seq9275.png,0.7558027505874634,0.6535494923591614,-0.102253258228302
9300,gs://teams-faces-data-test-2914-fake-4420-real-feb-28/fake/visomaster_enhanced_raw__frame_001213_seq9300.png,gs://teams-faces-data-test-2914-fake-4420-real-feb-28/fake/visomaster_enhanced_teams__frame_001213_seq9300.png,0.7604875564575195,0.5815601348876953,-0.17892742156982422
9302,gs://teams-faces-data-test-2914-fake-4420-real-feb-28/fake/visomaster_enhanced_raw__frame_001211_seq9302.png,gs://teams-faces-data-test-2914-fake-4420-real-feb-28/fake/visomaster_enhanced_teams__frame_001211_seq9302.png,0.7589037418365479,0.7187253832817078,-0.04017835855484009
9309,gs://teams-faces-data-test-2914-fake-4420-real-feb-28/fake/visomaster_enhanced_raw__frame_001215_seq9309.png,gs://teams-faces-data-test-2914-fake-4420-real-feb-28/fake/visomaster_enhanced_teams__frame_001215_seq9309.png,0.7559406757354736,0.6305394172668457,-0.12540125846862793
9330,gs://teams-faces-data-test-2914-fake-4420-real-feb-28/fake/visomaster_enhanced_raw__frame_001217_seq9330.png,gs://teams-faces-data-test-2914-fake-4420-real-feb-28/fake/visomaster_enhanced_teams__frame_001217_seq9330.png,0.4331705570220947,0.45539236068725586,0.022221803665161133
9336,gs://teams-faces-data-test-2914-fake-4420-real-feb-28/fake/visomaster_enhanced_raw__frame_001221_seq9336.png,gs://teams-faces-data-test-2914-fake-4420-real-feb-28/fake/visomaster_enhanced_teams__frame_001221_seq9336.png,0.7603973150253296,0.5267356634140015,-0.23366165161132812
9345,gs://teams-faces-data-test-2914-fake-4420-real-feb-28/fake/visomaster_enhanced_raw__frame_001219_seq9345.png,gs://teams-faces-data-test-2914-fake-4420-real-feb-28/fake/visomaster_enhanced_teams__frame_001219_seq9345.png,0.7814531922340393,0.7359941601753235,-0.04545903205871582
9358,gs://teams-faces-data-test-2914-fake-4420-real-feb-28/fake/visomaster_enhanced_raw__frame_001223_seq9358.png,gs://teams-faces-data-test-2914-fake-4420-real-feb-28/fake/visomaster_enhanced_teams__frame_001223_seq9358.png,0.8149299621582031,0.8278074860572815,0.01287752389907837
9360,gs://teams-faces-data-test-2914-fake-4420-real-feb-28/fake/visomaster_enhanced_raw__frame_001225_seq9360.png,gs://teams-faces-data-test-2914-fake-4420-real-feb-28/fake/visomaster_enhanced_teams__frame_001225_seq9360.png,0.8204526305198669,0.8150709271430969,-0.0053817033767700195
9382,gs://teams-faces-data-test-2914-fake-4420-real-feb-28/fake/visomaster_enhanced_raw__frame_001227_seq9382.png,gs://teams-faces-data-test-2914-fake-4420-real-feb-28/fake/visomaster_enhanced_teams__frame_001227_seq9382.png,0.7142995595932007,0.2027043253183365,-0.5115952342748642
9386,gs://teams-faces-data-test-2914-fake-4420-real-feb-28/fake/visomaster_enhanced_raw__frame_001229_seq9386.png,gs://teams-faces-data-test-2914-fake-4420-real-feb-28/fake/visomaster_enhanced_teams__frame_001229_seq9386.png,0.6225631833076477,0.5206311345100403,-0.10193204879760742
9405,gs://teams-faces-data-test-2914-fake-4420-real-feb-28/fake/visomaster_enhanced_raw__frame_001231_seq9405.png,gs://teams-faces-data-test-2914-fake-4420-real-feb-28/fake/visomaster_enhanced_teams__frame_001231_seq9405.png,0.7943789958953857,0.805766761302948,0.011387765407562256
9413,gs://teams-faces-data-test-2914-fake-4420-real-feb-28/fake/visomaster_enhanced_raw__frame_001233_seq9413.png,gs://teams-faces-data-test-2914-fake-4420-real-feb-28/fake/visomaster_enhanced_teams__frame_001233_seq9413.png,0.7865618467330933,0.6521757245063782,-0.1343861222267151
9431,gs://teams-faces-data-test-2914-fake-4420-real-feb-28/fake/visomaster_enhanced_raw__frame_001235_seq9431.png,gs://teams-faces-data-test-2914-fake-4420-real-feb-28/fake/visomaster_enhanced_teams__frame_001235_seq9431.png,0.7327887415885925,0.8349646329879761,0.10217589139938354
9439,gs://teams-faces-data-test-2914-fake-4420-real-feb-28/fake/visomaster_enhanced_raw__frame_001239_seq9439.png,gs://teams-faces-data-test-2914-fake-4420-real-feb-28/fake/visomaster_enhanced_teams__frame_001239_seq9439.png,0.722467303276062,0.550042450428009,-0.17242485284805298
9440,gs://teams-faces-data-test-2914-fake-4420-real-feb-28/fake/visomaster_enhanced_raw__frame_001237_seq9440.png,gs://teams-faces-data-test-2914-fake-4420-real-feb-28/fake/visomaster_enhanced_teams__frame_001237_seq9440.png,0.7790129780769348,0.5301247835159302,-0.24888819456100464
9464,gs://teams-faces-data-test-2914-fake-4420-real-feb-28/fake/visomaster_enhanced_raw__frame_001247_seq9464.png,gs://teams-faces-data-test-2914-fake-4420-real-feb-28/fake/visomaster_enhanced_teams__frame_001247_seq9464.png,0.7973238825798035,0.7446380257606506,-0.05268585681915283
9466,gs://teams-faces-data-test-2914-fake-4420-real-feb-28/fake/visomaster_enhanced_raw__frame_001243_seq9466.png,gs://teams-faces-data-test-2914-fake-4420-real-feb-28/fake/visomaster_enhanced_teams__frame_001243_seq9466.png,0.7877907752990723,0.7524612545967102,-0.03532952070236206
9468,gs://teams-faces-data-test-2914-fake-4420-real-feb-28/fake/visomaster_enhanced_raw__frame_001241_seq9468.png,gs://teams-faces-data-test-2914-fake-4420-real-feb-28/fake/visomaster_enhanced_teams__frame_001241_seq9468.png,0.7343833446502686,0.7417815923690796,0.007398247718811035
9484,gs://teams-faces-data-test-2914-fake-4420-real-feb-28/fake/visomaster_enhanced_raw__frame_001245_seq9484.png,gs://teams-faces-data-test-2914-fake-4420-real-feb-28/fake/visomaster_enhanced_teams__frame_001245_seq9484.png,0.7529361248016357,0.5283089280128479,-0.22462719678878784
9493,gs://teams-faces-data-test-2914-fake-4420-real-feb-28/fake/visomaster_enhanced_raw__frame_001251_seq9493.png,gs://teams-faces-data-test-2914-fake-4420-real-feb-28/fake/visomaster_enhanced_teams__frame_001251_seq9493.png,0.8247042298316956,0.8110918402671814,-0.01361238956451416
9496,gs://teams-faces-data-test-2914-fake-4420-real-feb-28/fake/visomaster_enhanced_raw__frame_001249_seq9496.png,gs://teams-faces-data-test-2914-fake-4420-real-feb-28/fake/visomaster_enhanced_teams__frame_001249_seq9496.png,0.8216466307640076,0.7892411947250366,-0.03240543603897095
9519,gs://teams-faces-data-test-2914-fake-4420-real-feb-28/fake/visomaster_enhanced_raw__frame_001253_seq9519.png,gs://teams-faces-data-test-2914-fake-4420-real-feb-28/fake/visomaster_enhanced_teams__frame_001253_seq9519.png,0.8325848579406738,0.7730173468589783,-0.05956751108169556
9523,gs://teams-faces-data-test-2914-fake-4420-real-feb-28/fake/visomaster_enhanced_raw__frame_001255_seq9523.png,gs://teams-faces-data-test-2914-fake-4420-real-feb-28/fake/visomaster_enhanced_teams__frame_001255_seq9523.png,0.8477569818496704,0.7115477323532104,-0.13620924949645996
9543,gs://teams-faces-data-test-2914-fake-4420-real-feb-28/fake/visomaster_enhanced_raw__frame_001257_seq9543.png,gs://teams-faces-data-test-2914-fake-4420-real-feb-28/fake/visomaster_enhanced_teams__frame_001257_seq9543.png,0.7997992634773254,0.8017998337745667,0.002000570297241211
9549,gs://teams-faces-data-test-2914-fake-4420-real-feb-28/fake/visomaster_enhanced_raw__frame_001259_seq9549.png,gs://teams-faces-data-test-2914-fake-4420-real-feb-28/fake/visomaster_enhanced_teams__frame_001259_seq9549.png,0.8528012633323669,0.8620311617851257,0.009229898452758789
9569,gs://teams-faces-data-test-2914-fake-4420-real-feb-28/fake/visomaster_enhanced_raw__frame_001261_seq9569.png,gs://teams-faces-data-test-2914-fake-4420-real-feb-28/fake/visomaster_enhanced_teams__frame_001261_seq9569.png,0.6475526690483093,0.6751549243927002,0.02760225534439087
9579,gs://teams-faces-data-test-2914-fake-4420-real-feb-28/fake/visomaster_enhanced_raw__frame_001263_seq9579.png,gs://teams-faces-data-test-2914-fake-4420-real-feb-28/fake/visomaster_enhanced_teams__frame_001263_seq9579.png,0.7059847712516785,0.7114566564559937,0.0054718852043151855
9593,gs://teams-faces-data-test-2914-fake-4420-real-feb-28/fake/visomaster_enhanced_raw__frame_001265_seq9593.png,gs://teams-faces-data-test-2914-fake-4420-real-feb-28/fake/visomaster_enhanced_teams__frame_001265_seq9593.png,0.8141791820526123,0.7706252336502075,-0.043553948402404785
9605,gs://teams-faces-data-test-2914-fake-4420-real-feb-28/fake/visomaster_enhanced_raw__frame_001267_seq9605.png,gs://teams-faces-data-test-2914-fake-4420-real-feb-28/fake/visomaster_enhanced_teams__frame_001267_seq9605.png,0.7885022163391113,0.7767350673675537,-0.011767148971557617
9619,gs://teams-faces-data-test-2914-fake-4420-real-feb-28/fake/visomaster_enhanced_raw__frame_001269_seq9619.png,gs://teams-faces-data-test-2914-fake-4420-real-feb-28/fake/visomaster_enhanced_teams__frame_001269_seq9619.png,0.7591270804405212,0.7703456878662109,0.011218607425689697
9631,gs://teams-faces-data-test-2914-fake-4420-real-feb-28/fake/visomaster_enhanced_raw__frame_001273_seq9631.png,gs://teams-faces-data-test-2914-fake-4420-real-feb-28/fake/visomaster_enhanced_teams__frame_001273_seq9631.png,0.7836057543754578,0.7579365372657776,-0.025669217109680176
9634,gs://teams-faces-data-test-2914-fake-4420-real-feb-28/fake/visomaster_enhanced_raw__frame_001271_seq9634.png,gs://teams-faces-data-test-2914-fake-4420-real-feb-28/fake/visomaster_enhanced_teams__frame_001271_seq9634.png,0.8127297759056091,0.7184285521507263,-0.09430122375488281
9662,gs://teams-faces-data-test-2914-fake-4420-real-feb-28/fake/visomaster_enhanced_raw__frame_001277_seq9662.png,gs://teams-faces-data-test-2914-fake-4420-real-feb-28/fake/visomaster_enhanced_teams__frame_001277_seq9662.png,0.7755132913589478,0.8004468679428101,0.024933576583862305
9664,gs://teams-faces-data-test-2914-fake-4420-real-feb-28/fake/visomaster_enhanced_raw__frame_001275_seq9664.png,gs://teams-faces-data-test-2914-fake-4420-real-feb-28/fake/visomaster_enhanced_teams__frame_001275_seq9664.png,0.7504945397377014,0.6970484852790833,-0.053446054458618164
9687,gs://teams-faces-data-test-2914-fake-4420-real-feb-28/fake/visomaster_enhanced_raw__frame_001281_seq9687.png,gs://teams-faces-data-test-2914-fake-4420-real-feb-28/fake/visomaster_enhanced_teams__frame_001281_seq9687.png,0.70249342918396,0.45638468861579895,-0.246108740568161
9689,gs://teams-faces-data-test-2914-fake-4420-real-feb-28/fake/visomaster_enhanced_raw__frame_001279_seq9689.png,gs://teams-faces-data-test-2914-fake-4420-real-feb-28/fake/visomaster_enhanced_teams__frame_001279_seq9689.png,0.7344750761985779,0.65907222032547,-0.07540285587310791
9716,gs://teams-faces-data-test-2914-fake-4420-real-feb-28/fake/visomaster_enhanced_raw__frame_001285_seq9716.png,gs://teams-faces-data-test-2914-fake-4420-real-feb-28/fake/visomaster_enhanced_teams__frame_001285_seq9716.png,0.6961262226104736,0.7450413107872009,0.048915088176727295
9719,gs://teams-faces-data-test-2914-fake-4420-real-feb-28/fake/visomaster_enhanced_raw__frame_001283_seq9719.png,gs://teams-faces-data-test-2914-fake-4420-real-feb-28/fake/visomaster_enhanced_teams__frame_001283_seq9719.png,0.5670289397239685,0.44715914130210876,-0.11986979842185974
9731,gs://teams-faces-data-test-2914-fake-4420-real-feb-28/fake/visomaster_enhanced_raw__frame_001289_seq9731.png,gs://teams-faces-data-test-2914-fake-4420-real-feb-28/fake/visomaster_enhanced_teams__frame_001289_seq9731.png,0.5804181098937988,0.30943548679351807,-0.27098262310028076
9741,gs://teams-faces-data-test-2914-fake-4420-real-feb-28/fake/visomaster_enhanced_raw__frame_001287_seq9741.png,gs://teams-faces-data-test-2914-fake-4420-real-feb-28/fake/visomaster_enhanced_teams__frame_001287_seq9741.png,0.7722178101539612,0.7534609436988831,-0.018756866455078125
9749,gs://teams-faces-data-test-2914-fake-4420-real-feb-28/fake/visomaster_enhanced_raw__frame_001293_seq9749.png,gs://teams-faces-data-test-2914-fake-4420-real-feb-28/fake/visomaster_enhanced_teams__frame_001293_seq9749.png,0.8379782438278198,0.8661260008811951,0.028147757053375244
9751,gs://teams-faces-data-test-2914-fake-4420-real-feb-28/fake/visomaster_enhanced_raw__frame_001291_seq9751.png,gs://teams-faces-data-test-2914-fake-4420-real-feb-28/fake/visomaster_enhanced_teams__frame_001291_seq9751.png,0.8362959623336792,0.8528464436531067,0.01655048131942749
9775,gs://teams-faces-data-test-2914-fake-4420-real-feb-28/fake/visomaster_enhanced_raw__frame_001297_seq9775.png,gs://teams-faces-data-test-2914-fake-4420-real-feb-28/fake/visomaster_enhanced_teams__frame_001297_seq9775.png,0.727415919303894,0.8048386573791504,0.07742273807525635
9777,gs://teams-faces-data-test-2914-fake-4420-real-feb-28/fake/visomaster_enhanced_raw__frame_001295_seq9777.png,gs://teams-faces-data-test-2914-fake-4420-real-feb-28/fake/visomaster_enhanced_teams__frame_001295_seq9777.png,0.7569999098777771,0.8101028800010681,0.053102970123291016
9798,gs://teams-faces-data-test-2914-fake-4420-real-feb-28/fake/visomaster_enhanced_raw__frame_001301_seq9798.png,gs://teams-faces-data-test-2914-fake-4420-real-feb-28/fake/visomaster_enhanced_teams__frame_001301_seq9798.png,0.7831733822822571,0.7973790764808655,0.014205694198608398
9800,gs://teams-faces-data-test-2914-fake-4420-real-feb-28/fake/visomaster_enhanced_raw__frame_001299_seq9800.png,gs://teams-faces-data-test-2914-fake-4420-real-feb-28/fake/visomaster_enhanced_teams__frame_001299_seq9800.png,0.7500573992729187,0.8252071142196655,0.07514971494674683
9823,gs://teams-faces-data-test-2914-fake-4420-real-feb-28/fake/visomaster_enhanced_raw__frame_001303_seq9823.png,gs://teams-faces-data-test-2914-fake-4420-real-feb-28/fake/visomaster_enhanced_teams__frame_001303_seq9823.png,0.7984726428985596,0.8075913190841675,0.00911867618560791
9827,gs://teams-faces-data-test-2914-fake-4420-real-feb-28/fake/visomaster_enhanced_raw__frame_001305_seq9827.png,gs://teams-faces-data-test-2914-fake-4420-real-feb-28/fake/visomaster_enhanced_teams__frame_001305_seq9827.png,0.714114785194397,0.7859170436859131,0.07180225849151611
9847,gs://teams-faces-data-test-2914-fake-4420-real-feb-28/fake/visomaster_enhanced_raw__frame_001307_seq9847.png,gs://teams-faces-data-test-2914-fake-4420-real-feb-28/fake/visomaster_enhanced_teams__frame_001307_seq9847.png,0.7250524163246155,0.6916147470474243,-0.03343766927719116
9853,gs://teams-faces-data-test-2914-fake-4420-real-feb-28/fake/visomaster_enhanced_raw__frame_001309_seq9853.png,gs://teams-faces-data-test-2914-fake-4420-real-feb-28/fake/visomaster_enhanced_teams__frame_001309_seq9853.png,0.7064031958580017,0.7959655523300171,0.08956235647201538
12349,gs://teams-faces-data-test-2914-fake-4420-real-feb-28/fake/visomaster_enhanced_raw__frame_001595_seq12349.png,gs://teams-faces-data-test-2914-fake-4420-real-feb-28/fake/visomaster_enhanced_teams__frame_001595_seq12349.png,0.863824188709259,0.7732720375061035,-0.09055215120315552
12351,gs://teams-faces-data-test-2914-fake-4420-real-feb-28/fake/visomaster_enhanced_raw__frame_001593_seq12351.png,gs://teams-faces-data-test-2914-fake-4420-real-feb-28/fake/visomaster_enhanced_teams__frame_001593_seq12351.png,0.8355777263641357,0.8409918546676636,0.005414128303527832
12356,gs://teams-faces-data-test-2914-fake-4420-real-feb-28/fake/visomaster_enhanced_raw__frame_001591_seq12356.png,gs://teams-faces-data-test-2914-fake-4420-real-feb-28/fake/visomaster_enhanced_teams__frame_001591_seq12356.png,0.8365809321403503,0.738048791885376,-0.09853214025497437
12360,gs://teams-faces-data-test-2914-fake-4420-real-feb-28/fake/visomaster_enhanced_raw__frame_001589_seq12360.png,gs://teams-faces-data-test-2914-fake-4420-real-feb-28/fake/visomaster_enhanced_teams__frame_001589_seq12360.png,0.8365809321403503,0.8215420246124268,-0.015038907527923584
12377,gs://teams-faces-data-test-2914-fake-4420-real-feb-28/fake/visomaster_enhanced_raw__frame_001597_seq12377.png,gs://teams-faces-data-test-2914-fake-4420-real-feb-28/fake/visomaster_enhanced_teams__frame_001597_seq12377.png,0.8635392785072327,0.7215773463249207,-0.141961932182312
12379,gs://teams-faces-data-test-2914-fake-4420-real-feb-28/fake/visomaster_enhanced_raw__frame_001599_seq12379.png,gs://teams-faces-data-test-2914-fake-4420-real-feb-28/fake/visomaster_enhanced_teams__frame_001599_seq12379.png,0.19041170179843903,0.37230753898620605,0.18189583718776703
12381,gs://teams-faces-data-test-2914-fake-4420-real-feb-28/fake/visomaster_enhanced_raw__frame_001601_seq12381.png,gs://teams-faces-data-test-2914-fake-4420-real-feb-28/fake/visomaster_enhanced_teams__frame_001601_seq12381.png,0.1817089468240738,0.36426350474357605,0.18255455791950226
12383,gs://teams-faces-data-test-2914-fake-4420-real-feb-28/fake/visomaster_enhanced_raw__frame_001603_seq12383.png,gs://teams-faces-data-test-2914-fake-4420-real-feb-28/fake/visomaster_enhanced_teams__frame_001603_seq12383.png,0.19283753633499146,0.29091694951057434,0.09807941317558289
12386,gs://teams-faces-data-test-2914-fake-4420-real-feb-28/fake/visomaster_enhanced_raw__frame_001605_seq12386.png,gs://teams-faces-data-test-2914-fake-4420-real-feb-28/fake/visomaster_enhanced_teams__frame_001605_seq12386.png,0.1888788789510727,0.2698730230331421,0.0809941440820694
12387,gs://teams-faces-data-test-2914-fake-4420-real-feb-28/fake/visomaster_enhanced_raw__frame_001607_seq12387.png,gs://teams-faces-data-test-2914-fake-4420-real-feb-28/fake/visomaster_enhanced_teams__frame_001607_seq12387.png,0.1888788789510727,0.2783394753932953,0.0894605964422226
12392,gs://teams-faces-data-test-2914-fake-4420-real-feb-28/fake/visomaster_enhanced_raw__frame_001609_seq12392.png,gs://teams-faces-data-test-2914-fake-4420-real-feb-28/fake/visomaster_enhanced_teams__frame_001609_seq12392.png,0.8381239771842957,0.41522932052612305,-0.4228946566581726
12393,gs://teams-faces-data-test-2914-fake-4420-real-feb-28/fake/visomaster_enhanced_raw__frame_001611_seq12393.png,gs://teams-faces-data-test-2914-fake-4420-real-feb-28/fake/visomaster_enhanced_teams__frame_001611_seq12393.png,0.8381239771842957,0.31076598167419434,-0.5273579955101013
12394,gs://teams-faces-data-test-2914-fake-4420-real-feb-28/fake/visomaster_enhanced_raw__frame_001613_seq12394.png,gs://teams-faces-data-test-2914-fake-4420-real-feb-28/fake/visomaster_enhanced_teams__frame_001613_seq12394.png,0.8296016454696655,0.6574582457542419,-0.17214339971542358
12401,gs://teams-faces-data-test-2914-fake-4420-real-feb-28/fake/visomaster_enhanced_raw__frame_001617_seq12401.png,gs://teams-faces-data-test-2914-fake-4420-real-feb-28/fake/visomaster_enhanced_teams__frame_001617_seq12401.png,0.7723323106765747,0.6078172326087952,-0.16451507806777954
12404,gs://teams-faces-data-test-2914-fake-4420-real-feb-28/fake/visomaster_enhanced_raw__frame_001615_seq12404.png,gs://teams-faces-data-test-2914-fake-4420-real-feb-28/fake/visomaster_enhanced_teams__frame_001615_seq12404.png,0.7408540844917297,0.37350788712501526,-0.3673461973667145
12424,gs://teams-faces-data-test-2914-fake-4420-real-feb-28/fake/visomaster_enhanced_raw__frame_001619_seq12424.png,gs://teams-faces-data-test-2914-fake-4420-real-feb-28/fake/visomaster_enhanced_teams__frame_001619_seq12424.png,0.815873384475708,0.5976318717002869,-0.21824151277542114
21575,gs://teams-faces-data-test-2914-fake-4420-real-feb-28/fake/visomaster_enhanced_raw__frame_002457_seq21575.png,gs://teams-faces-data-test-2914-fake-4420-real-feb-28/fake/visomaster_enhanced_teams__frame_002457_seq21575.png,0.10134565085172653,0.7460107207298279,0.6446650698781013
21608,gs://teams-faces-data-test-2914-fake-4420-real-feb-28/fake/visomaster_enhanced_raw__frame_002461_seq21608.png,gs://teams-faces-data-test-2914-fake-4420-real-feb-28/fake/visomaster_enhanced_teams__frame_002461_seq21608.png,0.09246192872524261,0.3692750632762909,0.2768131345510483
21610,gs://teams-faces-data-test-2914-fake-4420-real-feb-28/fake/visomaster_enhanced_raw__frame_002459_seq21610.png,gs://teams-faces-data-test-2914-fake-4420-real-feb-28/fake/visomaster_enhanced_teams__frame_002459_seq21610.png,0.0845334604382515,0.15463359653949738,0.07010013610124588
21627,gs://teams-faces-data-test-2914-fake-4420-real-feb-28/fake/visomaster_enhanced_raw__frame_002463_seq21627.png,gs://teams-faces-data-test-2914-fake-4420-real-feb-28/fake/visomaster_enhanced_teams__frame_002463_seq21627.png,0.08370953053236008,0.4181042015552521,0.334394671022892
21639,gs://teams-faces-data-test-2914-fake-4420-real-feb-28/fake/visomaster_enhanced_raw__frame_002465_seq21639.png,gs://teams-faces-data-test-2914-fake-4420-real-feb-28/fake/visomaster_enhanced_teams__frame_002465_seq21639.png,0.10261335223913193,0.1634252667427063,0.06081191450357437
21660,gs://teams-faces-data-test-2914-fake-4420-real-feb-28/fake/visomaster_enhanced_raw__frame_002467_seq21660.png,gs://teams-faces-data-test-2914-fake-4420-real-feb-28/fake/visomaster_enhanced_teams__frame_002467_seq21660.png,0.311263769865036,0.6692368388175964,0.3579730689525604
21673,gs://teams-faces-data-test-2914-fake-4420-real-feb-28/fake/visomaster_enhanced_raw__frame_002469_seq21673.png,gs://teams-faces-data-test-2914-fake-4420-real-feb-28/fake/visomaster_enhanced_teams__frame_002469_seq21673.png,0.4083304703235626,0.33405938744544983,-0.07427108287811279
21696,gs://teams-faces-data-test-2914-fake-4420-real-feb-28/fake/visomaster_enhanced_raw__frame_002471_seq21696.png,gs://teams-faces-data-test-2914-fake-4420-real-feb-28/fake/visomaster_enhanced_teams__frame_002471_seq21696.png,0.4377336800098419,0.4179837703704834,-0.01974990963935852
21706,gs://teams-faces-data-test-2914-fake-4420-real-feb-28/fake/visomaster_enhanced_raw__frame_002473_seq21706.png,gs://teams-faces-data-test-2914-fake-4420-real-feb-28/fake/visomaster_enhanced_teams__frame_002473_seq21706.png,0.10433803498744965,0.3147094249725342,0.21037138998508453
21730,gs://teams-faces-data-test-2914-fake-4420-real-feb-28/fake/visomaster_enhanced_raw__frame_002475_seq21730.png,gs://teams-faces-data-test-2914-fake-4420-real-feb-28/fake/visomaster_enhanced_teams__frame_002475_seq21730.png,0.11077339202165604,0.1477658897638321,0.036992497742176056
21741,gs://teams-faces-data-test-2914-fake-4420-real-feb-28/fake/visomaster_enhanced_raw__frame_002477_seq21741.png,gs://teams-faces-data-test-2914-fake-4420-real-feb-28/fake/visomaster_enhanced_teams__frame_002477_seq21741.png,0.10556484013795853,0.10477347671985626,-0.0007913634181022644
21766,gs://teams-faces-data-test-2914-fake-4420-real-feb-28/fake/visomaster_enhanced_raw__frame_002479_seq21766.png,gs://teams-faces-data-test-2914-fake-4420-real-feb-28/fake/visomaster_enhanced_teams__frame_002479_seq21766.png,0.09796970337629318,0.15774956345558167,0.05977986007928848
21775,gs://teams-faces-data-test-2914-fake-4420-real-feb-28/fake/visomaster_enhanced_raw__frame_002481_seq21775.png,gs://teams-faces-data-test-2914-fake-4420-real-feb-28/fake/visomaster_enhanced_teams__frame_002481_seq21775.png,0.10435020923614502,0.2506708800792694,0.1463206708431244
21800,gs://teams-faces-data-test-2914-fake-4420-real-feb-28/fake/visomaster_enhanced_raw__frame_002483_seq21800.png,gs://teams-faces-data-test-2914-fake-4420-real-feb-28/fake/visomaster_enhanced_teams__frame_002483_seq21800.png,0.09092365205287933,0.47056132555007935,0.3796376734972
21807,gs://teams-faces-data-test-2914-fake-4420-real-feb-28/fake/visomaster_enhanced_raw__frame_002485_seq21807.png,gs://teams-faces-data-test-2914-fake-4420-real-feb-28/fake/visomaster_enhanced_teams__frame_002485_seq21807.png,0.3746825158596039,0.6379016637802124,0.2632191479206085
21835,gs://teams-faces-data-test-2914-fake-4420-real-feb-28/fake/visomaster_enhanced_raw__frame_002487_seq21835.png,gs://teams-faces-data-test-2914-fake-4420-real-feb-28/fake/visomaster_enhanced_teams__frame_002487_seq21835.png,0.2151753157377243,0.6762086153030396,0.46103329956531525
21855,gs://teams-faces-data-test-2914-fake-4420-real-feb-28/fake/visomaster_enhanced_raw__frame_002489_seq21855.png,gs://teams-faces-data-test-2914-fake-4420-real-feb-28/fake/visomaster_enhanced_teams__frame_002489_seq21855.png,0.10656168311834335,0.381916344165802,0.27535466104745865
21865,gs://teams-faces-data-test-2914-fake-4420-real-feb-28/fake/visomaster_enhanced_raw__frame_002491_seq21865.png,gs://teams-faces-data-test-2914-fake-4420-real-feb-28/fake/visomaster_enhanced_teams__frame_002491_seq21865.png,0.10358159244060516,0.25720444321632385,0.1536228507757187
21881,gs://teams-faces-data-test-2914-fake-4420-real-feb-28/fake/visomaster_enhanced_raw__frame_002493_seq21881.png,gs://teams-faces-data-test-2914-fake-4420-real-feb-28/fake/visomaster_enhanced_teams__frame_002493_seq21881.png,0.1895809918642044,0.17328281700611115,-0.01629817485809326
21891,gs://teams-faces-data-test-2914-fake-4420-real-feb-28/fake/visomaster_enhanced_raw__frame_002495_seq21891.png,gs://teams-faces-data-test-2914-fake-4420-real-feb-28/fake/visomaster_enhanced_teams__frame_002495_seq21891.png,0.09792911261320114,0.24750451743602753,0.14957540482282639
21912,gs://teams-faces-data-test-2914-fake-4420-real-feb-28/fake/visomaster_enhanced_raw__frame_002497_seq21912.png,gs://teams-faces-data-test-2914-fake-4420-real-feb-28/fake/visomaster_enhanced_teams__frame_002497_seq21912.png,0.10052291303873062,0.15533407032489777,0.054811157286167145
21924,gs://teams-faces-data-test-2914-fake-4420-real-feb-28/fake/visomaster_enhanced_raw__frame_002499_seq21924.png,gs://teams-faces-data-test-2914-fake-4420-real-feb-28/fake/visomaster_enhanced_teams__frame_002499_seq21924.png,0.12305302172899246,0.13302399218082428,0.009970970451831818
22530,gs://teams-faces-data-test-2914-fake-4420-real-feb-28/fake/visomaster_enhanced_raw__frame_002547_seq22530.png,gs://teams-faces-data-test-2914-fake-4420-real-feb-28/fake/visomaster_enhanced_teams__frame_002547_seq22530.png,0.8071627020835876,0.7831887602806091,-0.023973941802978516
22555,gs://teams-faces-data-test-2914-fake-4420-real-feb-28/fake/visomaster_enhanced_raw__frame_002549_seq22555.png,gs://teams-faces-data-test-2914-fake-4420-real-feb-28/fake/visomaster_enhanced_teams__frame_002549_seq22555.png,0.3615476191043854,0.44330352544784546,0.08175590634346008
22572,gs://teams-faces-data-test-2914-fake-4420-real-feb-28/fake/visomaster_enhanced_raw__frame_002551_seq22572.png,gs://teams-faces-data-test-2914-fake-4420-real-feb-28/fake/visomaster_enhanced_teams__frame_002551_seq22572.png,0.7580565214157104,0.5503088235855103,-0.2077476978302002
22585,gs://teams-faces-data-test-2914-fake-4420-real-feb-28/fake/visomaster_enhanced_raw__frame_002553_seq22585.png,gs://teams-faces-data-test-2914-fake-4420-real-feb-28/fake/visomaster_enhanced_teams__frame_002553_seq22585.png,0.7671460509300232,0.770685613155365,0.003539562225341797
22601,gs://teams-faces-data-test-2914-fake-4420-real-feb-28/fake/visomaster_enhanced_raw__frame_002555_seq22601.png,gs://teams-faces-data-test-2914-fake-4420-real-feb-28/fake/visomaster_enhanced_teams__frame_002555_seq22601.png,0.6051357388496399,0.6651341915130615,0.05999845266342163
22614,gs://teams-faces-data-test-2914-fake-4420-real-feb-28/fake/visomaster_enhanced_raw__frame_002557_seq22614.png,gs://teams-faces-data-test-2914-fake-4420-real-feb-28/fake/visomaster_enhanced_teams__frame_002557_seq22614.png,0.7689907550811768,0.811292290687561,0.04230153560638428
22636,gs://teams-faces-data-test-2914-fake-4420-real-feb-28/fake/visomaster_enhanced_raw__frame_002559_seq22636.png,gs://teams-faces-data-test-2914-fake-4420-real-feb-28/fake/visomaster_enhanced_teams__frame_002559_seq22636.png,0.7338689565658569,0.7145242691040039,-0.019344687461853027
22653,gs://teams-faces-data-test-2914-fake-4420-real-feb-28/fake/visomaster_enhanced_raw__frame_002563_seq22653.png,gs://teams-faces-data-test-2914-fake-4420-real-feb-28/fake/visomaster_enhanced_teams__frame_002563_seq22653.png,0.6274083852767944,0.5053178668022156,-0.12209051847457886
22655,gs://teams-faces-data-test-2914-fake-4420-real-feb-28/fake/visomaster_enhanced_raw__frame_002561_seq22655.png,gs://teams-faces-data-test-2914-fake-4420-real-feb-28/fake/visomaster_enhanced_teams__frame_002561_seq22655.png,0.7137654423713684,0.591199517250061,-0.12256592512130737
22673,gs://teams-faces-data-test-2914-fake-4420-real-feb-28/fake/visomaster_enhanced_raw__frame_002565_seq22673.png,gs://teams-faces-data-test-2914-fake-4420-real-feb-28/fake/visomaster_enhanced_teams__frame_002565_seq22673.png,0.6819232702255249,0.4890179932117462,-0.1929052770137787
22684,gs://teams-faces-data-test-2914-fake-4420-real-feb-28/fake/visomaster_enhanced_raw__frame_002567_seq22684.png,gs://teams-faces-data-test-2914-fake-4420-real-feb-28/fake/visomaster_enhanced_teams__frame_002567_seq22684.png,0.6731893420219421,0.5128892064094543,-0.1603001356124878
22726,gs://teams-faces-data-test-2914-fake-4420-real-feb-28/fake/visomaster_enhanced_raw__frame_002571_seq22726.png,gs://teams-faces-data-test-2914-fake-4420-real-feb-28/fake/visomaster_enhanced_teams__frame_002571_seq22726.png,0.681922435760498,0.5909149646759033,-0.09100747108459473
22728,gs://teams-faces-data-test-2914-fake-4420-real-feb-28/fake/visomaster_enhanced_raw__frame_002569_seq22728.png,gs://teams-faces-data-test-2914-fake-4420-real-feb-28/fake/visomaster_enhanced_teams__frame_002569_seq22728.png,0.7050054669380188,0.5210661292076111,-0.18393933773040771
22944,gs://teams-faces-data-test-2914-fake-4420-real-feb-28/fake/visomaster_enhanced_raw__frame_002575_seq22944.png,gs://teams-faces-data-test-2914-fake-4420-real-feb-28/fake/visomaster_enhanced_teams__frame_002575_seq22944.png,0.7680781483650208,0.6179773211479187,-0.15010082721710205
22946,gs://teams-faces-data-test-2914-fake-4420-real-feb-28/fake/visomaster_enhanced_raw__frame_002573_seq22946.png,gs://teams-faces-data-test-2914-fake-4420-real-feb-28/fake/visomaster_enhanced_teams__frame_002573_seq22946.png,0.7063280940055847,0.7048096656799316,-0.0015184283256530762
22948,gs://teams-faces-data-test-2914-fake-4420-real-feb-28/fake/visomaster_enhanced_raw__frame_002577_seq22948.png,gs://teams-faces-data-test-2914-fake-4420-real-feb-28/fake/visomaster_enhanced_teams__frame_002577_seq22948.png,0.8285115957260132,0.6738723516464233,-0.15463924407958984
22952,gs://teams-faces-data-test-2914-fake-4420-real-feb-28/fake/visomaster_enhanced_raw__frame_002579_seq22952.png,gs://teams-faces-data-test-2914-fake-4420-real-feb-28/fake/visomaster_enhanced_teams__frame_002579_seq22952.png,0.8522467613220215,0.6208791732788086,-0.2313675880432129
22961,gs://teams-faces-data-test-2914-fake-4420-real-feb-28/fake/visomaster_enhanced_raw__frame_002581_seq22961.png,gs://teams-faces-data-test-2914-fake-4420-real-feb-28/fake/visomaster_enhanced_teams__frame_002581_seq22961.png,0.7462905645370483,0.5370014905929565,-0.2092890739440918
22964,gs://teams-faces-data-test-2914-fake-4420-real-feb-28/fake/visomaster_enhanced_raw__frame_002589_seq22964.png,gs://teams-faces-data-test-2914-fake-4420-real-feb-28/fake/visomaster_enhanced_teams__frame_002589_seq22964.png,0.8023154139518738,0.5618491768836975,-0.24046623706817627
22968,gs://teams-faces-data-test-2914-fake-4420-real-feb-28/fake/visomaster_enhanced_raw__frame_002587_seq22968.png,gs://teams-faces-data-test-2914-fake-4420-real-feb-28/fake/visomaster_enhanced_teams__frame_002587_seq22968.png,0.6622839570045471,0.7297490239143372,0.06746506690979004
22969,gs://teams-faces-data-test-2914-fake-4420-real-feb-28/fake/visomaster_enhanced_raw__frame_002585_seq22969.png,gs://teams-faces-data-test-2914-fake-4420-real-feb-28/fake/visomaster_enhanced_teams__frame_002585_seq22969.png,0.7614677548408508,0.6908551454544067,-0.07061260938644409
22971,gs://teams-faces-data-test-2914-fake-4420-real-feb-28/fake/visomaster_enhanced_raw__frame_002583_seq22971.png,gs://teams-faces-data-test-2914-fake-4420-real-feb-28/fake/visomaster_enhanced_teams__frame_002583_seq22971.png,0.7858249545097351,0.6951772570610046,-0.09064769744873047
22977,gs://teams-faces-data-test-2914-fake-4420-real-feb-28/fake/visomaster_enhanced_raw__frame_002591_seq22977.png,gs://teams-faces-data-test-2914-fake-4420-real-feb-28/fake/visomaster_enhanced_teams__frame_002591_seq22977.png,0.8444115519523621,0.8260421752929688,-0.01836937665939331
22987,gs://teams-faces-data-test-2914-fake-4420-real-feb-28/fake/visomaster_enhanced_raw__frame_002599_seq22987.png,gs://teams-faces-data-test-2914-fake-4420-real-feb-28/fake/visomaster_enhanced_teams__frame_002599_seq22987.png,0.7821136116981506,0.5598070621490479,-0.22230654954910278
22989,gs://teams-faces-data-test-2914-fake-4420-real-feb-28/fake/visomaster_enhanced_raw__frame_002597_seq22989.png,gs://teams-faces-data-test-2914-fake-4420-real-feb-28/fake/visomaster_enhanced_teams__frame_002597_seq22989.png,0.6535756587982178,0.420145720243454,-0.2334299385547638
22990,gs://teams-faces-data-test-2914-fake-4420-real-feb-28/fake/visomaster_enhanced_raw__frame_002595_seq22990.png,gs://teams-faces-data-test-2914-fake-4420-real-feb-28/fake/visomaster_enhanced_teams__frame_002595_seq22990.png,0.6051324605941772,0.37204375863075256,-0.23308870196342468
22992,gs://teams-faces-data-test-2914-fake-4420-real-feb-28/fake/visomaster_enhanced_raw__frame_002593_seq22992.png,gs://teams-faces-data-test-2914-fake-4420-real-feb-28/fake/visomaster_enhanced_teams__frame_002593_seq22992.png,0.661612331867218,0.30539262294769287,-0.35621970891952515
23013,gs://teams-faces-data-test-2914-fake-4420-real-feb-28/fake/visomaster_enhanced_raw__frame_002601_seq23013.png,gs://teams-faces-data-test-2914-fake-4420-real-feb-28/fake/visomaster_enhanced_teams__frame_002601_seq23013.png,0.44045892357826233,0.5881342887878418,0.14767536520957947
23022,gs://teams-faces-data-test-2914-fake-4420-real-feb-28/fake/visomaster_enhanced_raw__frame_002605_seq23022.png,gs://teams-faces-data-test-2914-fake-4420-real-feb-28/fake/visomaster_enhanced_teams__frame_002605_seq23022.png,0.6415750980377197,0.4021710157394409,-0.2394040822982788
23024,gs://teams-faces-data-test-2914-fake-4420-real-feb-28/fake/visomaster_enhanced_raw__frame_002603_seq23024.png,gs://teams-faces-data-test-2914-fake-4420-real-feb-28/fake/visomaster_enhanced_teams__frame_002603_seq23024.png,0.5799623727798462,0.5436117649078369,-0.03635060787200928
23084,gs://teams-faces-data-test-2914-fake-4420-real-feb-28/fake/visomaster_enhanced_raw__frame_002623_seq23084.png,gs://teams-faces-data-test-2914-fake-4420-real-feb-28/fake/visomaster_enhanced_teams__frame_002623_seq23084.png,0.6582707762718201,0.6362094283103943,-0.02206134796142578
23086,gs://teams-faces-data-test-2914-fake-4420-real-feb-28/fake/visomaster_enhanced_raw__frame_002621_seq23086.png,gs://teams-faces-data-test-2914-fake-4420-real-feb-28/fake/visomaster_enhanced_teams__frame_002621_seq23086.png,0.6748882532119751,0.6842451691627502,0.009356915950775146
23093,gs://teams-faces-data-test-2914-fake-4420-real-feb-28/fake/visomaster_enhanced_raw__frame_002609_seq23093.png,gs://teams-faces-data-test-2914-fake-4420-real-feb-28/fake/visomaster_enhanced_teams__frame_002609_seq23093.png,0.820996105670929,0.6275146007537842,-0.19348150491714478
23095,gs://teams-faces-data-test-2914-fake-4420-real-feb-28/fake/visomaster_enhanced_raw__frame_002607_seq23095.png,gs://teams-faces-data-test-2914-fake-4420-real-feb-28/fake/visomaster_enhanced_teams__frame_002607_seq23095.png,0.6315093636512756,0.4043954908847809,-0.22711387276649475
23096,gs://teams-faces-data-test-2914-fake-4420-real-feb-28/fake/visomaster_enhanced_raw__frame_002611_seq23096.png,gs://teams-faces-data-test-2914-fake-4420-real-feb-28/fake/visomaster_enhanced_teams__frame_002611_seq23096.png,0.7325221300125122,0.5011688470840454,-0.2313532829284668
23098,gs://teams-faces-data-test-2914-fake-4420-real-feb-28/fake/visomaster_enhanced_raw__frame_002613_seq23098.png,gs://teams-faces-data-test-2914-fake-4420-real-feb-28/fake/visomaster_enhanced_teams__frame_002613_seq23098.png,0.7470967173576355,0.7354027032852173,-0.011694014072418213
23099,gs://teams-faces-data-test-2914-fake-4420-real-feb-28/fake/visomaster_enhanced_raw__frame_002619_seq23099.png,gs://teams-faces-data-test-2914-fake-4420-real-feb-28/fake/visomaster_enhanced_teams__frame_002619_seq23099.png,0.8113451600074768,0.6812904477119446,-0.13005471229553223
23103,gs://teams-faces-data-test-2914-fake-4420-real-feb-28/fake/visomaster_enhanced_raw__frame_002617_seq23103.png,gs://teams-faces-data-test-2914-fake-4420-real-feb-28/fake/visomaster_enhanced_teams__frame_002617_seq23103.png,0.7678909301757812,0.261507511138916,-0.5063834190368652
23105,gs://teams-faces-data-test-2914-fake-4420-real-feb-28/fake/visomaster_enhanced_raw__frame_002615_seq23105.png,gs://teams-faces-data-test-2914-fake-4420-real-feb-28/fake/visomaster_enhanced_teams__frame_002615_seq23105.png,0.8190909028053284,0.534966230392456,-0.2841246724128723
23135,gs://teams-faces-data-test-2914-fake-4420-real-feb-28/fake/visomaster_enhanced_raw__frame_002625_seq23135.png,gs://teams-faces-data-test-2914-fake-4420-real-feb-28/fake/visomaster_enhanced_teams__frame_002625_seq23135.png,0.7859746217727661,0.7669342756271362,-0.019040346145629883
23139,gs://teams-faces-data-test-2914-fake-4420-real-feb-28/fake/visomaster_enhanced_raw__frame_002627_seq23139.png,gs://teams-faces-data-test-2914-fake-4420-real-feb-28/fake/visomaster_enhanced_teams__frame_002627_seq23139.png,0.5698398947715759,0.601876437664032,0.032036542892456055
23179,gs://teams-faces-data-test-2914-fake-4420-real-feb-28/fake/visomaster_enhanced_raw__frame_002631_seq23179.png,gs://teams-faces-data-test-2914-fake-4420-real-feb-28/fake/visomaster_enhanced_teams__frame_002631_seq23179.png,0.6495749354362488,0.7973345518112183,0.14775961637496948
23181,gs://teams-faces-data-test-2914-fake-4420-real-feb-28/fake/visomaster_enhanced_raw__frame_002629_seq23181.png,gs://teams-faces-data-test-2914-fake-4420-real-feb-28/fake/visomaster_enhanced_teams__frame_002629_seq23181.png,0.6507731676101685,0.628402590751648,-0.022370576858520508
23214,gs://teams-faces-data-test-2914-fake-4420-real-feb-28/fake/visomaster_enhanced_raw__frame_002635_seq23214.png,gs://teams-faces-data-test-2914-fake-4420-real-feb-28/fake/visomaster_enhanced_teams__frame_002635_seq23214.png,0.5453376770019531,0.3637394607067108,-0.1815982162952423
23217,gs://teams-faces-data-test-2914-fake-4420-real-feb-28/fake/visomaster_enhanced_raw__frame_002633_seq23217.png,gs://teams-faces-data-test-2914-fake-4420-real-feb-28/fake/visomaster_enhanced_teams__frame_002633_seq23217.png,0.5513664484024048,0.22755339741706848,-0.3238130509853363
23252,gs://teams-faces-data-test-2914-fake-4420-real-feb-28/fake/visomaster_enhanced_raw__frame_002637_seq23252.png,gs://teams-faces-data-test-2914-fake-4420-real-feb-28/fake/visomaster_enhanced_teams__frame_002637_seq23252.png,0.7067553997039795,0.4339669942855835,-0.272788405418396
25235,gs://teams-faces-data-test-2914-fake-4420-real-feb-28/fake/visomaster_enhanced_raw__frame_002929_seq25235.png,gs://teams-faces-data-test-2914-fake-4420-real-feb-28/fake/visomaster_enhanced_teams__frame_002929_seq25235.png,0.1523047685623169,0.19766567647457123,0.045360907912254333
25262,gs://teams-faces-data-test-2914-fake-4420-real-feb-28/fake/visomaster_enhanced_raw__frame_002931_seq25262.png,gs://teams-faces-data-test-2914-fake-4420-real-feb-28/fake/visomaster_enhanced_teams__frame_002931_seq25262.png,0.18380044400691986,0.2228957563638687,0.03909531235694885
25282,gs://teams-faces-data-test-2914-fake-4420-real-feb-28/fake/visomaster_enhanced_raw__frame_002933_seq25282.png,gs://teams-faces-data-test-2914-fake-4420-real-feb-28/fake/visomaster_enhanced_teams__frame_002933_seq25282.png,0.14222727715969086,0.5349243879318237,0.3926971107721329
25290,gs://teams-faces-data-test-2914-fake-4420-real-feb-28/fake/visomaster_enhanced_raw__frame_002935_seq25290.png,gs://teams-faces-data-test-2914-fake-4420-real-feb-28/fake/visomaster_enhanced_teams__frame_002935_seq25290.png,0.12989073991775513,0.14922425150871277,0.01933351159095764
25316,gs://teams-faces-data-test-2914-fake-4420-real-feb-28/fake/visomaster_enhanced_raw__frame_002937_seq25316.png,gs://teams-faces-data-test-2914-fake-4420-real-feb-28/fake/visomaster_enhanced_teams__frame_002937_seq25316.png,0.12823612987995148,0.15520203113555908,0.026965901255607605
25899,gs://teams-faces-data-test-2914-fake-4420-real-feb-28/fake/visomaster_enhanced_raw__frame_002939_seq25899.png,gs://teams-faces-data-test-2914-fake-4420-real-feb-28/fake/visomaster_enhanced_teams__frame_002939_seq25899.png,0.7354987263679504,0.7998691201210022,0.06437039375305176
25930,gs://teams-faces-data-test-2914-fake-4420-real-feb-28/fake/visomaster_enhanced_raw__frame_002943_seq25930.png,gs://teams-faces-data-test-2914-fake-4420-real-feb-28/fake/visomaster_enhanced_teams__frame_002943_seq25930.png,0.4165760576725006,0.8182125687599182,0.4016365110874176
25942,gs://teams-faces-data-test-2914-fake-4420-real-feb-28/fake/visomaster_enhanced_raw__frame_002941_seq25942.png,gs://teams-faces-data-test-2914-fake-4420-real-feb-28/fake/visomaster_enhanced_teams__frame_002941_seq25942.png,0.4207109212875366,0.7625249028205872,0.34181398153305054
25972,gs://teams-faces-data-test-2914-fake-4420-real-feb-28/fake/visomaster_enhanced_raw__frame_002947_seq25972.png,gs://teams-faces-data-test-2914-fake-4420-real-feb-28/fake/visomaster_enhanced_teams__frame_002947_seq25972.png,0.7210853695869446,0.8138918876647949,0.09280651807785034
25974,gs://teams-faces-data-test-2914-fake-4420-real-feb-28/fake/visomaster_enhanced_raw__frame_002945_seq25974.png,gs://teams-faces-data-test-2914-fake-4420-real-feb-28/fake/visomaster_enhanced_teams__frame_002945_seq25974.png,0.8070681095123291,0.8228245377540588,0.015756428241729736
26004,gs://teams-faces-data-test-2914-fake-4420-real-feb-28/fake/visomaster_enhanced_raw__frame_002949_seq26004.png,gs://teams-faces-data-test-2914-fake-4420-real-feb-28/fake/visomaster_enhanced_teams__frame_002949_seq26004.png,0.4705721139907837,0.5459223389625549,0.07535022497177124
26020,gs://teams-faces-data-test-2914-fake-4420-real-feb-28/fake/visomaster_enhanced_raw__frame_002951_seq26020.png,gs://teams-faces-data-test-2914-fake-4420-real-feb-28/fake/visomaster_enhanced_teams__frame_002951_seq26020.png,0.8395448327064514,0.8725636601448059,0.03301882743835449
26028,gs://teams-faces-data-test-2914-fake-4420-real-feb-28/fake/visomaster_enhanced_raw__frame_002953_seq26028.png,gs://teams-faces-data-test-2914-fake-4420-real-feb-28/fake/visomaster_enhanced_teams__frame_002953_seq26028.png,0.429084837436676,0.6735341548919678,0.24444931745529175
26052,gs://teams-faces-data-test-2914-fake-4420-real-feb-28/fake/visomaster_enhanced_raw__frame_002955_seq26052.png,gs://teams-faces-data-test-2914-fake-4420-real-feb-28/fake/visomaster_enhanced_teams__frame_002955_seq26052.png,0.8104293346405029,0.588697612285614,-0.22173172235488892
26056,gs://teams-faces-data-test-2914-fake-4420-real-feb-28/fake/visomaster_enhanced_raw__frame_002957_seq26056.png,gs://teams-faces-data-test-2914-fake-4420-real-feb-28/fake/visomaster_enhanced_teams__frame_002957_seq26056.png,0.8149787187576294,0.7833495140075684,-0.031629204750061035
26083,gs://teams-faces-data-test-2914-fake-4420-real-feb-28/fake/visomaster_enhanced_raw__frame_002959_seq26083.png,gs://teams-faces-data-test-2914-fake-4420-real-feb-28/fake/visomaster_enhanced_teams__frame_002959_seq26083.png,0.34181901812553406,0.7592530846595764,0.41743406653404236
26091,gs://teams-faces-data-test-2914-fake-4420-real-feb-28/fake/visomaster_enhanced_raw__frame_002961_seq26091.png,gs://teams-faces-data-test-2914-fake-4420-real-feb-28/fake/visomaster_enhanced_teams__frame_002961_seq26091.png,0.7920470833778381,0.8313583731651306,0.03931128978729248
26130,gs://teams-faces-data-test-2914-fake-4420-real-feb-28/fake/visomaster_enhanced_raw__frame_002965_seq26130.png,gs://teams-faces-data-test-2914-fake-4420-real-feb-28/fake/visomaster_enhanced_teams__frame_002965_seq26130.png,0.4871509373188019,0.5963634252548218,0.1092124879360199
26133,gs://teams-faces-data-test-2914-fake-4420-real-feb-28/fake/visomaster_enhanced_raw__frame_002963_seq26133.png,gs://teams-faces-data-test-2914-fake-4420-real-feb-28/fake/visomaster_enhanced_teams__frame_002963_seq26133.png,0.4805700480937958,0.4406748116016388,-0.03989523649215698
26161,gs://teams-faces-data-test-2914-fake-4420-real-feb-28/fake/visomaster_enhanced_raw__frame_002969_seq26161.png,gs://teams-faces-data-test-2914-fake-4420-real-feb-28/fake/visomaster_enhanced_teams__frame_002969_seq26161.png,0.6789215207099915,0.6696006655693054,-0.009320855140686035
26163,gs://teams-faces-data-test-2914-fake-4420-real-feb-28/fake/visomaster_enhanced_raw__frame_002967_seq26163.png,gs://teams-faces-data-test-2914-fake-4420-real-feb-28/fake/visomaster_enhanced_teams__frame_002967_seq26163.png,0.4358927011489868,0.7207656502723694,0.28487294912338257
26191,gs://teams-faces-data-test-2914-fake-4420-real-feb-28/fake/visomaster_enhanced_raw__frame_002973_seq26191.png,gs://teams-faces-data-test-2914-fake-4420-real-feb-28/fake/visomaster_enhanced_teams__frame_002973_seq26191.png,0.6037914752960205,0.5419350862503052,-0.06185638904571533
26194,gs://teams-faces-data-test-2914-fake-4420-real-feb-28/fake/visomaster_enhanced_raw__frame_002971_seq26194.png,gs://teams-faces-data-test-2914-fake-4420-real-feb-28/fake/visomaster_enhanced_teams__frame_002971_seq26194.png,0.7167959213256836,0.7478417158126831,0.03104579448699951
