frame_path,T3_SLOT2_step500,T3_SLOT2_step1000,T3_SLOT2_step1500,T3_SLOT2_step2500,T3_SLOT2_step3500,T3_SLOT2_step4500
/Users/roeedar/Documents/repos/Effort-AIGI-Detection-DtectVision/DeepfakeBench/training/analysis/stage2_cpu_2026-05-09/_roy_d_frames/Roy_D__frame_000053_seq782.png,0.08606720715761185,0.4595131576061249,0.38817065954208374,0.7711252570152283,0.6350986361503601,0.752996027469635
/Users/roeedar/Documents/repos/Effort-AIGI-Detection-DtectVision/DeepfakeBench/training/analysis/stage2_cpu_2026-05-09/_roy_d_frames/Roy_D__frame_000055_seq801.png,0.9300804734230042,0.9924972057342529,0.994458794593811,0.9944053888320923,0.9959821701049805,0.9963502883911133
/Users/roeedar/Documents/repos/Effort-AIGI-Detection-DtectVision/DeepfakeBench/training/analysis/stage2_cpu_2026-05-09/_roy_d_frames/Roy_D__frame_000057_seq812.png,0.9719340205192566,0.992448091506958,0.994860053062439,0.9947509169578552,0.9964514970779419,0.9967592358589172
/Users/roeedar/Documents/repos/Effort-AIGI-Detection-DtectVision/DeepfakeBench/training/analysis/stage2_cpu_2026-05-09/_roy_d_frames/Roy_D__frame_000059_seq849.png,0.9743819236755371,0.9923904538154602,0.9949094653129578,0.9945294260978699,0.9961158037185669,0.9964498281478882
/Users/roeedar/Documents/repos/Effort-AIGI-Detection-DtectVision/DeepfakeBench/training/analysis/stage2_cpu_2026-05-09/_roy_d_frames/Roy_D__frame_000061_seq833.png,0.9693036675453186,0.9920458793640137,0.994357168674469,0.9944508671760559,0.995368480682373,0.9959053993225098
/Users/roeedar/Documents/repos/Effort-AIGI-Detection-DtectVision/DeepfakeBench/training/analysis/stage2_cpu_2026-05-09/_roy_d_frames/Roy_D__frame_000063_seq882.png,0.9748030304908752,0.9920774102210999,0.9948811531066895,0.9948074221611023,0.9963765740394592,0.9967535138130188
/Users/roeedar/Documents/repos/Effort-AIGI-Detection-DtectVision/DeepfakeBench/training/analysis/stage2_cpu_2026-05-09/_roy_d_frames/Roy_D__frame_000065_seq880.png,0.9752357006072998,0.9921161532402039,0.9951400756835938,0.9946527481079102,0.9964314699172974,0.9967139959335327
/Users/roeedar/Documents/repos/Effort-AIGI-Detection-DtectVision/DeepfakeBench/training/analysis/stage2_cpu_2026-05-09/_roy_d_frames/Roy_D__frame_000067_seq917.png,0.9723591208457947,0.9922589659690857,0.9946251511573792,0.9945659637451172,0.9961082339286804,0.9964631199836731
/Users/roeedar/Documents/repos/Effort-AIGI-Detection-DtectVision/DeepfakeBench/training/analysis/stage2_cpu_2026-05-09/_roy_d_frames/Roy_D__frame_000069_seq937.png,0.8707813620567322,0.9915517568588257,0.9929884076118469,0.9936037659645081,0.9954969882965088,0.9959548711776733
/Users/roeedar/Documents/repos/Effort-AIGI-Detection-DtectVision/DeepfakeBench/training/analysis/stage2_cpu_2026-05-09/_roy_d_frames/Roy_D__frame_000071_seq935.png,0.949148952960968,0.9919907450675964,0.9936734437942505,0.9943578839302063,0.9959879517555237,0.9964274764060974
/Users/roeedar/Documents/repos/Effort-AIGI-Detection-DtectVision/DeepfakeBench/training/analysis/stage2_cpu_2026-05-09/_roy_d_frames/Roy_D__frame_000073_seq974.png,0.7870057225227356,0.9847871661186218,0.9607346057891846,0.9912648797035217,0.9931574463844299,0.9939835667610168
/Users/roeedar/Documents/repos/Effort-AIGI-Detection-DtectVision/DeepfakeBench/training/analysis/stage2_cpu_2026-05-09/_roy_d_frames/Roy_D__frame_000075_seq972.png,0.9431684613227844,0.9910241365432739,0.988552451133728,0.9919506311416626,0.9937927722930908,0.9944034814834595
/Users/roeedar/Documents/repos/Effort-AIGI-Detection-DtectVision/DeepfakeBench/training/analysis/stage2_cpu_2026-05-09/_roy_d_frames/Roy_D__frame_000077_seq991.png,0.3722687065601349,0.9545356035232544,0.9272810220718384,0.9839173555374146,0.980044424533844,0.981723427772522
/Users/roeedar/Documents/repos/Effort-AIGI-Detection-DtectVision/DeepfakeBench/training/analysis/stage2_cpu_2026-05-09/_roy_d_frames/Roy_D__frame_000079_seq1001.png,0.9747151136398315,0.9918768405914307,0.9949652552604675,0.994466245174408,0.9964061379432678,0.9966896772384644
/Users/roeedar/Documents/repos/Effort-AIGI-Detection-DtectVision/DeepfakeBench/training/analysis/stage2_cpu_2026-05-09/_roy_d_frames/Roy_D__frame_000081_seq1028.png,0.9644669890403748,0.9926457405090332,0.9941767454147339,0.994385838508606,0.9957205653190613,0.9962267875671387
/Users/roeedar/Documents/repos/Effort-AIGI-Detection-DtectVision/DeepfakeBench/training/analysis/stage2_cpu_2026-05-09/_roy_d_frames/Roy_D__frame_000083_seq1046.png,0.9713461995124817,0.991788923740387,0.9947463870048523,0.9945347309112549,0.9962461590766907,0.9965984225273132
/Users/roeedar/Documents/repos/Effort-AIGI-Detection-DtectVision/DeepfakeBench/training/analysis/stage2_cpu_2026-05-09/_roy_d_frames/Roy_D__frame_000085_seq1044.png,0.9470924139022827,0.9921322464942932,0.9931200742721558,0.994295060634613,0.995352029800415,0.9959936141967773
/Users/roeedar/Documents/repos/Effort-AIGI-Detection-DtectVision/DeepfakeBench/training/analysis/stage2_cpu_2026-05-09/_roy_d_frames/Roy_D__frame_000087_seq1063.png,0.9727702140808105,0.9924582242965698,0.995101809501648,0.9947728514671326,0.9964722394943237,0.9968037605285645
/Users/roeedar/Documents/repos/Effort-AIGI-Detection-DtectVision/DeepfakeBench/training/analysis/stage2_cpu_2026-05-09/_roy_d_frames/Roy_D__frame_000089_seq1075.png,0.9754500389099121,0.9922731518745422,0.9950424432754517,0.9946609139442444,0.9964841604232788,0.9968313574790955
/Users/roeedar/Documents/repos/Effort-AIGI-Detection-DtectVision/DeepfakeBench/training/analysis/stage2_cpu_2026-05-09/_roy_d_frames/Roy_D__frame_000091_seq1089.png,0.9628406763076782,0.9923769235610962,0.9939623475074768,0.9942885637283325,0.9955564141273499,0.9961286783218384
/Users/roeedar/Documents/repos/Effort-AIGI-Detection-DtectVision/DeepfakeBench/training/analysis/stage2_cpu_2026-05-09/_roy_d_frames/Roy_D__frame_000093_seq1101.png,0.9699487090110779,0.9920318126678467,0.9936783909797668,0.9944004416465759,0.996096670627594,0.9965033531188965
/Users/roeedar/Documents/repos/Effort-AIGI-Detection-DtectVision/DeepfakeBench/training/analysis/stage2_cpu_2026-05-09/_roy_d_frames/Roy_D__frame_000095_seq1126.png,0.7041642069816589,0.9900033473968506,0.988720715045929,0.9941206574440002,0.9950231313705444,0.9958938360214233
/Users/roeedar/Documents/repos/Effort-AIGI-Detection-DtectVision/DeepfakeBench/training/analysis/stage2_cpu_2026-05-09/_roy_d_frames/Roy_D__frame_000097_seq1144.png,0.3629029393196106,0.7151269316673279,0.48236945271492004,0.9469180703163147,0.889329731464386,0.9342949390411377
/Users/roeedar/Documents/repos/Effort-AIGI-Detection-DtectVision/DeepfakeBench/training/analysis/stage2_cpu_2026-05-09/_roy_d_frames/Roy_D__frame_000099_seq1142.png,0.5178360939025879,0.9563464522361755,0.8246230483055115,0.9900206327438354,0.981977105140686,0.9899030923843384
/Users/roeedar/Documents/repos/Effort-AIGI-Detection-DtectVision/DeepfakeBench/training/analysis/stage2_cpu_2026-05-09/_roy_d_frames/Roy_D__frame_000101_seq1179.png,0.6247684359550476,0.9884538054466248,0.9161615371704102,0.9879496097564697,0.9719834327697754,0.984497606754303
/Users/roeedar/Documents/repos/Effort-AIGI-Detection-DtectVision/DeepfakeBench/training/analysis/stage2_cpu_2026-05-09/_roy_d_frames/Roy_D__frame_000103_seq1192.png,0.7281939387321472,0.9919446110725403,0.9665888547897339,0.993034839630127,0.9920708537101746,0.994416356086731
/Users/roeedar/Documents/repos/Effort-AIGI-Detection-DtectVision/DeepfakeBench/training/analysis/stage2_cpu_2026-05-09/_roy_d_frames/Roy_D__frame_000105_seq1182.png,0.3760615885257721,0.9869599938392639,0.8448847532272339,0.9905016422271729,0.9829586148262024,0.9882232546806335
/Users/roeedar/Documents/repos/Effort-AIGI-Detection-DtectVision/DeepfakeBench/training/analysis/stage2_cpu_2026-05-09/_roy_d_frames/Roy_D__frame_000107_seq1229.png,0.33912765979766846,0.982696533203125,0.6688046455383301,0.984214723110199,0.9449199438095093,0.9754654765129089
/Users/roeedar/Documents/repos/Effort-AIGI-Detection-DtectVision/DeepfakeBench/training/analysis/stage2_cpu_2026-05-09/_roy_d_frames/Roy_D__frame_000109_seq1227.png,0.3090303838253021,0.9827332496643066,0.6757214665412903,0.9816437363624573,0.933576762676239,0.9710556268692017
/Users/roeedar/Documents/repos/Effort-AIGI-Detection-DtectVision/DeepfakeBench/training/analysis/stage2_cpu_2026-05-09/_roy_d_frames/Roy_D__frame_000111_seq1255.png,0.8333184719085693,0.9926955699920654,0.9895971417427063,0.9942296743392944,0.9946058392524719,0.9958265423774719
/Users/roeedar/Documents/repos/Effort-AIGI-Detection-DtectVision/DeepfakeBench/training/analysis/stage2_cpu_2026-05-09/_roy_d_frames/Roy_D__frame_000113_seq1253.png,0.7820255160331726,0.9919496774673462,0.9780925512313843,0.9925064444541931,0.9888741970062256,0.9934272766113281
/Users/roeedar/Documents/repos/Effort-AIGI-Detection-DtectVision/DeepfakeBench/training/analysis/stage2_cpu_2026-05-09/_roy_d_frames/Roy_D__frame_000115_seq1272.png,0.4499180316925049,0.988366425037384,0.750023603439331,0.9825921058654785,0.9349952340126038,0.9777141213417053
/Users/roeedar/Documents/repos/Effort-AIGI-Detection-DtectVision/DeepfakeBench/training/analysis/stage2_cpu_2026-05-09/_roy_d_frames/Roy_D__frame_000117_seq1284.png,0.7313975095748901,0.9912039041519165,0.947036623954773,0.9916792511940002,0.98915034532547,0.9934898614883423
/Users/roeedar/Documents/repos/Effort-AIGI-Detection-DtectVision/DeepfakeBench/training/analysis/stage2_cpu_2026-05-09/_roy_d_frames/Roy_D__frame_000119_seq1306.png,0.4381173849105835,0.9881728291511536,0.8669534921646118,0.9893816709518433,0.9696050882339478,0.9869339466094971
/Users/roeedar/Documents/repos/Effort-AIGI-Detection-DtectVision/DeepfakeBench/training/analysis/stage2_cpu_2026-05-09/_roy_d_frames/Roy_D__frame_000121_seq1304.png,0.5229042172431946,0.9910797476768494,0.9415857195854187,0.9923601746559143,0.9875729084014893,0.99272620677948
/Users/roeedar/Documents/repos/Effort-AIGI-Detection-DtectVision/DeepfakeBench/training/analysis/stage2_cpu_2026-05-09/_roy_d_frames/Roy_D__frame_000123_seq1332.png,0.2782886326313019,0.8951455950737,0.48345962166786194,0.9462295770645142,0.7460166215896606,0.8782336115837097
/Users/roeedar/Documents/repos/Effort-AIGI-Detection-DtectVision/DeepfakeBench/training/analysis/stage2_cpu_2026-05-09/_roy_d_frames/Roy_D__frame_000125_seq1330.png,0.31604355573654175,0.9142197370529175,0.46652650833129883,0.9293790459632874,0.6684560179710388,0.8326325416564941
/Users/roeedar/Documents/repos/Effort-AIGI-Detection-DtectVision/DeepfakeBench/training/analysis/stage2_cpu_2026-05-09/_roy_d_frames/Roy_D__frame_000127_seq1383.png,0.8581994771957397,0.9915745854377747,0.9863469004631042,0.9930691719055176,0.9944096207618713,0.9951142072677612
/Users/roeedar/Documents/repos/Effort-AIGI-Detection-DtectVision/DeepfakeBench/training/analysis/stage2_cpu_2026-05-09/_roy_d_frames/Roy_D__frame_000129_seq1381.png,0.8745160698890686,0.9915726184844971,0.9833717942237854,0.9926679730415344,0.9940351843833923,0.9952245950698853
/Users/roeedar/Documents/repos/Effort-AIGI-Detection-DtectVision/DeepfakeBench/training/analysis/stage2_cpu_2026-05-09/_roy_d_frames/Roy_D__frame_000131_seq1412.png,0.9738381505012512,0.9923620223999023,0.9945959448814392,0.9945630431175232,0.9961899518966675,0.9965454936027527
/Users/roeedar/Documents/repos/Effort-AIGI-Detection-DtectVision/DeepfakeBench/training/analysis/stage2_cpu_2026-05-09/_roy_d_frames/Roy_D__frame_000133_seq1431.png,0.9719076752662659,0.992682158946991,0.9941045641899109,0.9943898320198059,0.9959431290626526,0.9963908791542053
/Users/roeedar/Documents/repos/Effort-AIGI-Detection-DtectVision/DeepfakeBench/training/analysis/stage2_cpu_2026-05-09/_roy_d_frames/Roy_D__frame_000135_seq1439.png,0.9728237986564636,0.992347240447998,0.9946909546852112,0.9947634935379028,0.9964656829833984,0.9968319535255432
/Users/roeedar/Documents/repos/Effort-AIGI-Detection-DtectVision/DeepfakeBench/training/analysis/stage2_cpu_2026-05-09/_roy_d_frames/Roy_D__frame_000137_seq1487.png,0.07415354251861572,0.5834513902664185,0.22595299780368805,0.8989744186401367,0.5282809734344482,0.7468338012695312
/Users/roeedar/Documents/repos/Effort-AIGI-Detection-DtectVision/DeepfakeBench/training/analysis/stage2_cpu_2026-05-09/_roy_d_frames/Roy_D__frame_000139_seq1483.png,0.15750667452812195,0.7851020097732544,0.4137919843196869,0.9676649570465088,0.7404059767723083,0.8687395453453064
/Users/roeedar/Documents/repos/Effort-AIGI-Detection-DtectVision/DeepfakeBench/training/analysis/stage2_cpu_2026-05-09/_roy_d_frames/Roy_D__frame_000141_seq1510.png,0.7434346079826355,0.9917439818382263,0.9903135299682617,0.9933698177337646,0.9941360950469971,0.9953920841217041
/Users/roeedar/Documents/repos/Effort-AIGI-Detection-DtectVision/DeepfakeBench/training/analysis/stage2_cpu_2026-05-09/_roy_d_frames/Roy_D__frame_000143_seq1508.png,0.8270666599273682,0.9918971657752991,0.9837856888771057,0.9932136535644531,0.9935105443000793,0.9950214624404907
/Users/roeedar/Documents/repos/Effort-AIGI-Detection-DtectVision/DeepfakeBench/training/analysis/stage2_cpu_2026-05-09/_roy_d_frames/Roy_D__frame_000145_seq1544.png,0.962300717830658,0.991395890712738,0.9923599362373352,0.9938651919364929,0.9951567053794861,0.995755672454834
/Users/roeedar/Documents/repos/Effort-AIGI-Detection-DtectVision/DeepfakeBench/training/analysis/stage2_cpu_2026-05-09/_roy_d_frames/Roy_D__frame_000147_seq1542.png,0.9561861753463745,0.9906516075134277,0.9898319244384766,0.9939345717430115,0.9952428936958313,0.9957664012908936
/Users/roeedar/Documents/repos/Effort-AIGI-Detection-DtectVision/DeepfakeBench/training/analysis/stage2_cpu_2026-05-09/_roy_d_frames/Roy_D__frame_000149_seq1573.png,0.9748368859291077,0.9925832748413086,0.9946097135543823,0.9948310256004333,0.9964158535003662,0.9967665672302246
/Users/roeedar/Documents/repos/Effort-AIGI-Detection-DtectVision/DeepfakeBench/training/analysis/stage2_cpu_2026-05-09/_roy_d_frames/Roy_D__frame_000151_seq1595.png,0.148630753159523,0.4707494378089905,0.2540885806083679,0.7137706875801086,0.5340939164161682,0.6457231044769287
/Users/roeedar/Documents/repos/Effort-AIGI-Detection-DtectVision/DeepfakeBench/training/analysis/stage2_cpu_2026-05-09/_roy_d_frames/Roy_D__frame_000153_seq1615.png,0.2043188512325287,0.7588324546813965,0.7977883219718933,0.9442911148071289,0.8606078624725342,0.9048586487770081
/Users/roeedar/Documents/repos/Effort-AIGI-Detection-DtectVision/DeepfakeBench/training/analysis/stage2_cpu_2026-05-09/_roy_d_frames/Roy_D__frame_000155_seq1613.png,0.46153050661087036,0.9837169647216797,0.9739965796470642,0.9884236454963684,0.9895870685577393,0.9918994903564453
/Users/roeedar/Documents/repos/Effort-AIGI-Detection-DtectVision/DeepfakeBench/training/analysis/stage2_cpu_2026-05-09/_roy_d_frames/Roy_D__frame_000157_seq1635.png,0.40766775608062744,0.927747368812561,0.64378821849823,0.9615440964698792,0.9157510995864868,0.9556334614753723
/Users/roeedar/Documents/repos/Effort-AIGI-Detection-DtectVision/DeepfakeBench/training/analysis/stage2_cpu_2026-05-09/_roy_d_frames/Roy_D__frame_000159_seq1623.png,0.09664911776781082,0.6568798422813416,0.7267581224441528,0.9350559115409851,0.8112462759017944,0.8753617405891418
/Users/roeedar/Documents/repos/Effort-AIGI-Detection-DtectVision/DeepfakeBench/training/analysis/stage2_cpu_2026-05-09/_roy_d_frames/Roy_D__frame_000161_seq1671.png,0.19158418476581573,0.8539001941680908,0.5765575170516968,0.9697585105895996,0.8534784317016602,0.9080451130867004
/Users/roeedar/Documents/repos/Effort-AIGI-Detection-DtectVision/DeepfakeBench/training/analysis/stage2_cpu_2026-05-09/_roy_d_frames/Roy_D__frame_000163_seq1669.png,0.4435639977455139,0.9727790951728821,0.888098955154419,0.9875969290733337,0.975246250629425,0.9846386313438416
/Users/roeedar/Documents/repos/Effort-AIGI-Detection-DtectVision/DeepfakeBench/training/analysis/stage2_cpu_2026-05-09/_roy_d_frames/Roy_D__frame_000165_seq1688.png,0.4623048007488251,0.9288057088851929,0.742984414100647,0.9798849821090698,0.9460543394088745,0.9518921971321106
/Users/roeedar/Documents/repos/Effort-AIGI-Detection-DtectVision/DeepfakeBench/training/analysis/stage2_cpu_2026-05-09/_roy_d_frames/Roy_D__frame_000167_seq1699.png,0.37013542652130127,0.917224645614624,0.6266751289367676,0.9677573442459106,0.9195095896720886,0.9325783848762512
/Users/roeedar/Documents/repos/Effort-AIGI-Detection-DtectVision/DeepfakeBench/training/analysis/stage2_cpu_2026-05-09/_roy_d_frames/Roy_D__frame_000169_seq1723.png,0.8907367587089539,0.9874140024185181,0.9764397144317627,0.9884597063064575,0.9790534377098083,0.9864147305488586
/Users/roeedar/Documents/repos/Effort-AIGI-Detection-DtectVision/DeepfakeBench/training/analysis/stage2_cpu_2026-05-09/_roy_d_frames/Roy_D__frame_000171_seq1726.png,0.5351835489273071,0.8425525426864624,0.6498344540596008,0.8419077396392822,0.7277353405952454,0.7628176212310791
/Users/roeedar/Documents/repos/Effort-AIGI-Detection-DtectVision/DeepfakeBench/training/analysis/stage2_cpu_2026-05-09/_roy_d_frames/Roy_D__frame_000173_seq1753.png,0.9466512203216553,0.9917995929718018,0.9889284372329712,0.9934583306312561,0.9942219853401184,0.9951743483543396
/Users/roeedar/Documents/repos/Effort-AIGI-Detection-DtectVision/DeepfakeBench/training/analysis/stage2_cpu_2026-05-09/_roy_d_frames/Roy_D__frame_000175_seq1751.png,0.9101742506027222,0.9912663102149963,0.975416898727417,0.9925051927566528,0.9917141795158386,0.9939044117927551
/Users/roeedar/Documents/repos/Effort-AIGI-Detection-DtectVision/DeepfakeBench/training/analysis/stage2_cpu_2026-05-09/_roy_d_frames/Roy_D__frame_000177_seq1808.png,0.3541933596134186,0.9852205514907837,0.9430356025695801,0.9887613654136658,0.9572494029998779,0.9778053760528564
/Users/roeedar/Documents/repos/Effort-AIGI-Detection-DtectVision/DeepfakeBench/training/analysis/stage2_cpu_2026-05-09/_roy_d_frames/Roy_D__frame_000179_seq1805.png,0.26440781354904175,0.920775294303894,0.6756954789161682,0.9814963936805725,0.936354398727417,0.9671729207038879
/Users/roeedar/Documents/repos/Effort-AIGI-Detection-DtectVision/DeepfakeBench/training/analysis/stage2_cpu_2026-05-09/_roy_d_frames/Roy_D__frame_000181_seq1840.png,0.6868708729743958,0.9916398525238037,0.9817619323730469,0.9935560822486877,0.9944602251052856,0.9953768253326416
/Users/roeedar/Documents/repos/Effort-AIGI-Detection-DtectVision/DeepfakeBench/training/analysis/stage2_cpu_2026-05-09/_roy_d_frames/Roy_D__frame_000183_seq1862.png,0.44467785954475403,0.9638765454292297,0.7135262489318848,0.9670306444168091,0.8989405035972595,0.9269693493843079
/Users/roeedar/Documents/repos/Effort-AIGI-Detection-DtectVision/DeepfakeBench/training/analysis/stage2_cpu_2026-05-09/_roy_d_frames/Roy_D__frame_000185_seq1866.png,0.7837649583816528,0.9906594753265381,0.9696372151374817,0.9911551475524902,0.9913021326065063,0.9930433034896851
/Users/roeedar/Documents/repos/Effort-AIGI-Detection-DtectVision/DeepfakeBench/training/analysis/stage2_cpu_2026-05-09/_roy_d_frames/Roy_D__frame_000187_seq1910.png,0.7809374928474426,0.986254096031189,0.9537228941917419,0.9872221350669861,0.9788467288017273,0.9877122044563293
/Users/roeedar/Documents/repos/Effort-AIGI-Detection-DtectVision/DeepfakeBench/training/analysis/stage2_cpu_2026-05-09/_roy_d_frames/Roy_D__frame_000189_seq1907.png,0.9303917288780212,0.9916610717773438,0.9903035759925842,0.9935778379440308,0.9944604635238647,0.9954630732536316
/Users/roeedar/Documents/repos/Effort-AIGI-Detection-DtectVision/DeepfakeBench/training/analysis/stage2_cpu_2026-05-09/_roy_d_frames/Roy_D__frame_000191_seq1940.png,0.3943706750869751,0.985321581363678,0.9372015595436096,0.9891090393066406,0.9756867289543152,0.9874399900436401
/Users/roeedar/Documents/repos/Effort-AIGI-Detection-DtectVision/DeepfakeBench/training/analysis/stage2_cpu_2026-05-09/_roy_d_frames/Roy_D__frame_000193_seq1938.png,0.6682208776473999,0.9880712032318115,0.9672176241874695,0.9874957799911499,0.977095365524292,0.9874975681304932
/Users/roeedar/Documents/repos/Effort-AIGI-Detection-DtectVision/DeepfakeBench/training/analysis/stage2_cpu_2026-05-09/_roy_d_frames/Roy_D__frame_000195_seq1975.png,0.37310245633125305,0.9715757966041565,0.7533729076385498,0.9848003387451172,0.9632084965705872,0.9729193449020386
/Users/roeedar/Documents/repos/Effort-AIGI-Detection-DtectVision/DeepfakeBench/training/analysis/stage2_cpu_2026-05-09/_roy_d_frames/Roy_D__frame_000197_seq1973.png,0.42700275778770447,0.9798403382301331,0.8728699684143066,0.9859794974327087,0.9680473804473877,0.9775848984718323
/Users/roeedar/Documents/repos/Effort-AIGI-Detection-DtectVision/DeepfakeBench/training/analysis/stage2_cpu_2026-05-09/_roy_d_frames/Roy_D__frame_000199_seq1992.png,0.4784226715564728,0.9868040680885315,0.9715509414672852,0.9883320927619934,0.9846807718276978,0.9895636439323425
/Users/roeedar/Documents/repos/Effort-AIGI-Detection-DtectVision/DeepfakeBench/training/analysis/stage2_cpu_2026-05-09/_roy_d_frames/Roy_D__frame_000201_seq2004.png,0.2580510079860687,0.7907724976539612,0.6704766750335693,0.9615368247032166,0.8612393140792847,0.9322178363800049
/Users/roeedar/Documents/repos/Effort-AIGI-Detection-DtectVision/DeepfakeBench/training/analysis/stage2_cpu_2026-05-09/_roy_d_frames/Roy_D__frame_000203_seq2027.png,0.12197300046682358,0.5845693945884705,0.4195578098297119,0.8500463962554932,0.43748363852500916,0.5781815648078918
/Users/roeedar/Documents/repos/Effort-AIGI-Detection-DtectVision/DeepfakeBench/training/analysis/stage2_cpu_2026-05-09/_roy_d_frames/Roy_D__frame_000205_seq2046.png,0.8648982048034668,0.9880887866020203,0.9673140048980713,0.9914031624794006,0.9910246133804321,0.9926928281784058
/Users/roeedar/Documents/repos/Effort-AIGI-Detection-DtectVision/DeepfakeBench/training/analysis/stage2_cpu_2026-05-09/_roy_d_frames/Roy_D__frame_000207_seq2055.png,0.9318154454231262,0.9905490279197693,0.9850674867630005,0.9925893545150757,0.9941614270210266,0.9948337078094482
/Users/roeedar/Documents/repos/Effort-AIGI-Detection-DtectVision/DeepfakeBench/training/analysis/stage2_cpu_2026-05-09/_roy_d_frames/Roy_D__frame_000209_seq2082.png,0.8696238994598389,0.98478102684021,0.9804763793945312,0.9894949793815613,0.9864755272865295,0.988535463809967
/Users/roeedar/Documents/repos/Effort-AIGI-Detection-DtectVision/DeepfakeBench/training/analysis/stage2_cpu_2026-05-09/_roy_d_frames/Roy_D__frame_000211_seq2084.png,0.4949266016483307,0.8915974497795105,0.8846484422683716,0.984645664691925,0.9525516629219055,0.9645669460296631
/Users/roeedar/Documents/repos/Effort-AIGI-Detection-DtectVision/DeepfakeBench/training/analysis/stage2_cpu_2026-05-09/_roy_d_frames/Roy_D__frame_000213_seq2115.png,0.7756787538528442,0.9913427829742432,0.9909782409667969,0.9938287138938904,0.9951651096343994,0.9959048628807068
/Users/roeedar/Documents/repos/Effort-AIGI-Detection-DtectVision/DeepfakeBench/training/analysis/stage2_cpu_2026-05-09/_roy_d_frames/Roy_D__frame_000215_seq2133.png,0.8838478326797485,0.9898269176483154,0.9926490187644958,0.9940902590751648,0.9953742623329163,0.9956678152084351
/Users/roeedar/Documents/repos/Effort-AIGI-Detection-DtectVision/DeepfakeBench/training/analysis/stage2_cpu_2026-05-09/_roy_d_frames/Roy_D__frame_000217_seq2151.png,0.9553157091140747,0.9906631708145142,0.9887151122093201,0.9935445785522461,0.9935674071311951,0.9950267672538757
/Users/roeedar/Documents/repos/Effort-AIGI-Detection-DtectVision/DeepfakeBench/training/analysis/stage2_cpu_2026-05-09/_roy_d_frames/Roy_D__frame_000219_seq2142.png,0.9602770805358887,0.991503119468689,0.9932911396026611,0.993823766708374,0.9952290058135986,0.9958989024162292
/Users/roeedar/Documents/repos/Effort-AIGI-Detection-DtectVision/DeepfakeBench/training/analysis/stage2_cpu_2026-05-09/_roy_d_frames/Roy_D__frame_000221_seq2182.png,0.9062163233757019,0.9897807836532593,0.9922603964805603,0.9933686852455139,0.995231568813324,0.9956275224685669
/Users/roeedar/Documents/repos/Effort-AIGI-Detection-DtectVision/DeepfakeBench/training/analysis/stage2_cpu_2026-05-09/_roy_d_frames/Roy_D__frame_000223_seq2179.png,0.4602147936820984,0.9399740099906921,0.9299534559249878,0.9889194369316101,0.9870421886444092,0.9880483746528625
/Users/roeedar/Documents/repos/Effort-AIGI-Detection-DtectVision/DeepfakeBench/training/analysis/stage2_cpu_2026-05-09/_roy_d_frames/Roy_D__frame_000225_seq2217.png,0.44258028268814087,0.9573678374290466,0.7913299798965454,0.9852223992347717,0.985679566860199,0.9868729710578918
/Users/roeedar/Documents/repos/Effort-AIGI-Detection-DtectVision/DeepfakeBench/training/analysis/stage2_cpu_2026-05-09/_roy_d_frames/Roy_D__frame_000227_seq2236.png,0.9687467813491821,0.9925591945648193,0.9940673112869263,0.9942224621772766,0.9956587553024292,0.996147632598877
/Users/roeedar/Documents/repos/Effort-AIGI-Detection-DtectVision/DeepfakeBench/training/analysis/stage2_cpu_2026-05-09/_roy_d_frames/Roy_D__frame_000229_seq2255.png,0.9609338045120239,0.9916989803314209,0.9912233352661133,0.9939644932746887,0.9956366419792175,0.9959885478019714
/Users/roeedar/Documents/repos/Effort-AIGI-Detection-DtectVision/DeepfakeBench/training/analysis/stage2_cpu_2026-05-09/_roy_d_frames/Roy_D__frame_000231_seq2246.png,0.9733467698097229,0.9924823641777039,0.994252622127533,0.9945847392082214,0.9961768388748169,0.9965787529945374
/Users/roeedar/Documents/repos/Effort-AIGI-Detection-DtectVision/DeepfakeBench/training/analysis/stage2_cpu_2026-05-09/_roy_d_frames/Roy_D__frame_000233_seq2291.png,0.9757117033004761,0.9924955368041992,0.9952468276023865,0.9947943091392517,0.9965255856513977,0.9968811273574829
/Users/roeedar/Documents/repos/Effort-AIGI-Detection-DtectVision/DeepfakeBench/training/analysis/stage2_cpu_2026-05-09/_roy_d_frames/Roy_D__frame_000235_seq2289.png,0.9640231132507324,0.9898160696029663,0.9922278523445129,0.9937885403633118,0.9952709078788757,0.9956644177436829
/Users/roeedar/Documents/repos/Effort-AIGI-Detection-DtectVision/DeepfakeBench/training/analysis/stage2_cpu_2026-05-09/_roy_d_frames/Roy_D__frame_000237_seq2320.png,0.97129887342453,0.9924100637435913,0.9948516488075256,0.9946233034133911,0.9963380098342896,0.9966835379600525
/Users/roeedar/Documents/repos/Effort-AIGI-Detection-DtectVision/DeepfakeBench/training/analysis/stage2_cpu_2026-05-09/_roy_d_frames/Roy_D__frame_000239_seq2335.png,0.9750918745994568,0.9921754002571106,0.9951100945472717,0.9946582913398743,0.9964436888694763,0.9967107772827148
/Users/roeedar/Documents/repos/Effort-AIGI-Detection-DtectVision/DeepfakeBench/training/analysis/stage2_cpu_2026-05-09/_roy_d_frames/Roy_D__frame_000241_seq2333.png,0.9752798080444336,0.9918776750564575,0.9951804876327515,0.9946154952049255,0.9964103102684021,0.9967144727706909
/Users/roeedar/Documents/repos/Effort-AIGI-Detection-DtectVision/DeepfakeBench/training/analysis/stage2_cpu_2026-05-09/_roy_d_frames/Roy_D__frame_000243_seq2368.png,0.9202744364738464,0.9917348623275757,0.9915981292724609,0.9935168027877808,0.9944822788238525,0.9952448010444641
/Users/roeedar/Documents/repos/Effort-AIGI-Detection-DtectVision/DeepfakeBench/training/analysis/stage2_cpu_2026-05-09/_roy_d_frames/Roy_D__frame_000245_seq2388.png,0.9537811279296875,0.9917727112770081,0.9933332800865173,0.9938663840293884,0.9951286315917969,0.9959604144096375
/Users/roeedar/Documents/repos/Effort-AIGI-Detection-DtectVision/DeepfakeBench/training/analysis/stage2_cpu_2026-05-09/_roy_d_frames/Roy_D__frame_000247_seq2393.png,0.8962253928184509,0.9912749528884888,0.991297721862793,0.9933253526687622,0.9944170713424683,0.9955982565879822
/Users/roeedar/Documents/repos/Effort-AIGI-Detection-DtectVision/DeepfakeBench/training/analysis/stage2_cpu_2026-05-09/_roy_d_frames/Roy_D__frame_000249_seq2418.png,0.9759105443954468,0.9924813508987427,0.9948539137840271,0.994716465473175,0.9963110089302063,0.9966482520103455
/Users/roeedar/Documents/repos/Effort-AIGI-Detection-DtectVision/DeepfakeBench/training/analysis/stage2_cpu_2026-05-09/_roy_d_frames/Roy_D__frame_000251_seq2437.png,0.9634882807731628,0.991790771484375,0.9928269982337952,0.9927476048469543,0.9936328530311584,0.9947911500930786
/Users/roeedar/Documents/repos/Effort-AIGI-Detection-DtectVision/DeepfakeBench/training/analysis/stage2_cpu_2026-05-09/_roy_d_frames/Roy_D__frame_000253_seq2451.png,0.9743159413337708,0.9922946691513062,0.9941338896751404,0.9943958520889282,0.9961775541305542,0.9965190887451172
/Users/roeedar/Documents/repos/Effort-AIGI-Detection-DtectVision/DeepfakeBench/training/analysis/stage2_cpu_2026-05-09/_roy_d_frames/Roy_D__frame_000255_seq2471.png,0.9757663607597351,0.992337167263031,0.9952292442321777,0.9947027564048767,0.9963428378105164,0.996699869632721
/Users/roeedar/Documents/repos/Effort-AIGI-Detection-DtectVision/DeepfakeBench/training/analysis/stage2_cpu_2026-05-09/_roy_d_frames/Roy_D__frame_000257_seq2490.png,0.972005307674408,0.9925844073295593,0.9949162006378174,0.9947994947433472,0.9962904453277588,0.9966287016868591
/Users/roeedar/Documents/repos/Effort-AIGI-Detection-DtectVision/DeepfakeBench/training/analysis/stage2_cpu_2026-05-09/_roy_d_frames/Roy_D__frame_000259_seq2488.png,0.8272154331207275,0.9896863102912903,0.9877497553825378,0.9934121966362,0.9942525029182434,0.9951738715171814
/Users/roeedar/Documents/repos/Effort-AIGI-Detection-DtectVision/DeepfakeBench/training/analysis/stage2_cpu_2026-05-09/_roy_d_frames/Roy_D__frame_000261_seq2522.png,0.8175408244132996,0.9897088408470154,0.9884854555130005,0.9906768798828125,0.9900274872779846,0.9924197793006897
/Users/roeedar/Documents/repos/Effort-AIGI-Detection-DtectVision/DeepfakeBench/training/analysis/stage2_cpu_2026-05-09/_roy_d_frames/Roy_D__frame_000263_seq2518.png,0.5878544449806213,0.98768150806427,0.9822790622711182,0.9919800758361816,0.9874714016914368,0.9902894496917725
/Users/roeedar/Documents/repos/Effort-AIGI-Detection-DtectVision/DeepfakeBench/training/analysis/stage2_cpu_2026-05-09/_roy_d_frames/Roy_D__frame_000265_seq2557.png,0.9629822969436646,0.9921265840530396,0.9944944977760315,0.9945464134216309,0.9963001608848572,0.9966024160385132
/Users/roeedar/Documents/repos/Effort-AIGI-Detection-DtectVision/DeepfakeBench/training/analysis/stage2_cpu_2026-05-09/_roy_d_frames/Roy_D__frame_000267_seq2575.png,0.9102554321289062,0.9885574579238892,0.9917064905166626,0.9931581616401672,0.99379962682724,0.9948234558105469
/Users/roeedar/Documents/repos/Effort-AIGI-Detection-DtectVision/DeepfakeBench/training/analysis/stage2_cpu_2026-05-09/_roy_d_frames/Roy_D__frame_000269_seq2584.png,0.9214329123497009,0.9890716075897217,0.9857707023620605,0.9917137622833252,0.9908905625343323,0.9931347370147705
/Users/roeedar/Documents/repos/Effort-AIGI-Detection-DtectVision/DeepfakeBench/training/analysis/stage2_cpu_2026-05-09/_roy_d_frames/Roy_D__frame_000271_seq2620.png,0.968662440776825,0.9923402070999146,0.9938785433769226,0.9945204854011536,0.9960836172103882,0.9965170621871948
/Users/roeedar/Documents/repos/Effort-AIGI-Detection-DtectVision/DeepfakeBench/training/analysis/stage2_cpu_2026-05-09/_roy_d_frames/Roy_D__frame_000273_seq2618.png,0.8739305138587952,0.9914822578430176,0.9902433753013611,0.9932718873023987,0.9945247173309326,0.995276689529419
/Users/roeedar/Documents/repos/Effort-AIGI-Detection-DtectVision/DeepfakeBench/training/analysis/stage2_cpu_2026-05-09/_roy_d_frames/Roy_D__frame_000275_seq2656.png,0.07596176862716675,0.7591160535812378,0.46648332476615906,0.9581796526908875,0.9157324433326721,0.9499969482421875
/Users/roeedar/Documents/repos/Effort-AIGI-Detection-DtectVision/DeepfakeBench/training/analysis/stage2_cpu_2026-05-09/_roy_d_frames/Roy_D__frame_000277_seq2652.png,0.3173171877861023,0.9827516674995422,0.8867828249931335,0.9913103580474854,0.9911802411079407,0.9930156469345093
/Users/roeedar/Documents/repos/Effort-AIGI-Detection-DtectVision/DeepfakeBench/training/analysis/stage2_cpu_2026-05-09/_roy_d_frames/Roy_D__frame_000279_seq2659.png,0.38909104466438293,0.976515531539917,0.9087345004081726,0.9844506978988647,0.9714083075523376,0.9835350513458252
/Users/roeedar/Documents/repos/Effort-AIGI-Detection-DtectVision/DeepfakeBench/training/analysis/stage2_cpu_2026-05-09/_roy_d_frames/Roy_D__frame_000281_seq2700.png,0.9735437631607056,0.992409348487854,0.9948176741600037,0.9944164752960205,0.9962121248245239,0.9966177344322205
/Users/roeedar/Documents/repos/Effort-AIGI-Detection-DtectVision/DeepfakeBench/training/analysis/stage2_cpu_2026-05-09/_roy_d_frames/Roy_D__frame_000283_seq2698.png,0.9646114110946655,0.9921831488609314,0.9946091175079346,0.9944907426834106,0.9962266683578491,0.9965734481811523
/Users/roeedar/Documents/repos/Effort-AIGI-Detection-DtectVision/DeepfakeBench/training/analysis/stage2_cpu_2026-05-09/_roy_d_frames/Roy_D__frame_000285_seq2731.png,0.9699346423149109,0.992295503616333,0.9950621724128723,0.9947919249534607,0.9964898228645325,0.9967634677886963
/Users/roeedar/Documents/repos/Effort-AIGI-Detection-DtectVision/DeepfakeBench/training/analysis/stage2_cpu_2026-05-09/_roy_d_frames/Roy_D__frame_000287_seq2751.png,0.9754466414451599,0.991830050945282,0.9952036142349243,0.9945968389511108,0.9964990615844727,0.9967196583747864
/Users/roeedar/Documents/repos/Effort-AIGI-Detection-DtectVision/DeepfakeBench/training/analysis/stage2_cpu_2026-05-09/_roy_d_frames/Roy_D__frame_000289_seq2758.png,0.9714146852493286,0.9919567108154297,0.9945319890975952,0.9945111274719238,0.9961627721786499,0.9965170621871948
/Users/roeedar/Documents/repos/Effort-AIGI-Detection-DtectVision/DeepfakeBench/training/analysis/stage2_cpu_2026-05-09/_roy_d_frames/Roy_D__frame_000291_seq2807.png,0.9705763459205627,0.9915973544120789,0.9946742057800293,0.9946042895317078,0.9963089823722839,0.9966045618057251
/Users/roeedar/Documents/repos/Effort-AIGI-Detection-DtectVision/DeepfakeBench/training/analysis/stage2_cpu_2026-05-09/_roy_d_frames/Roy_D__frame_000293_seq2805.png,0.9751347303390503,0.9917872548103333,0.9952226281166077,0.9946194887161255,0.9965344667434692,0.9967869520187378
/Users/roeedar/Documents/repos/Effort-AIGI-Detection-DtectVision/DeepfakeBench/training/analysis/stage2_cpu_2026-05-09/_roy_d_frames/Roy_D__frame_000295_seq2824.png,0.974157452583313,0.9918672442436218,0.9949777722358704,0.9945929646492004,0.9963352680206299,0.9966623783111572
/Users/roeedar/Documents/repos/Effort-AIGI-Detection-DtectVision/DeepfakeBench/training/analysis/stage2_cpu_2026-05-09/_roy_d_frames/Roy_D__frame_000297_seq2836.png,0.9469143152236938,0.9915253520011902,0.9942216277122498,0.9943456053733826,0.9953291416168213,0.9957093000411987
/Users/roeedar/Documents/repos/Effort-AIGI-Detection-DtectVision/DeepfakeBench/training/analysis/stage2_cpu_2026-05-09/_roy_d_frames/Roy_D__frame_000299_seq2859.png,0.9731723070144653,0.9918050765991211,0.9947574138641357,0.9946067929267883,0.9963323473930359,0.9967013001441956
/Users/roeedar/Documents/repos/Effort-AIGI-Detection-DtectVision/DeepfakeBench/training/analysis/stage2_cpu_2026-05-09/_roy_d_frames/Roy_D__frame_000301_seq2862.png,0.954271674156189,0.9921320080757141,0.9940563440322876,0.99431312084198,0.9961351156234741,0.9964414238929749
/Users/roeedar/Documents/repos/Effort-AIGI-Detection-DtectVision/DeepfakeBench/training/analysis/stage2_cpu_2026-05-09/_roy_d_frames/Roy_D__frame_000303_seq2889.png,0.9732481837272644,0.9922640323638916,0.9945934414863586,0.9944779872894287,0.9963433146476746,0.9966763257980347
/Users/roeedar/Documents/repos/Effort-AIGI-Detection-DtectVision/DeepfakeBench/training/analysis/stage2_cpu_2026-05-09/_roy_d_frames/Roy_D__frame_000305_seq2907.png,0.9636227488517761,0.9923641681671143,0.9942852854728699,0.9941949248313904,0.9959163069725037,0.9963945746421814
/Users/roeedar/Documents/repos/Effort-AIGI-Detection-DtectVision/DeepfakeBench/training/analysis/stage2_cpu_2026-05-09/_roy_d_frames/Roy_D__frame_000307_seq2893.png,0.9459022283554077,0.9920404553413391,0.993844747543335,0.9940804839134216,0.9958369731903076,0.9963220357894897
/Users/roeedar/Documents/repos/Effort-AIGI-Detection-DtectVision/DeepfakeBench/training/analysis/stage2_cpu_2026-05-09/_roy_d_frames/Roy_D__frame_000309_seq2943.png,0.9443637728691101,0.9910616278648376,0.9943287968635559,0.9943167567253113,0.9958558678627014,0.9963770508766174
/Users/roeedar/Documents/repos/Effort-AIGI-Detection-DtectVision/DeepfakeBench/training/analysis/stage2_cpu_2026-05-09/_roy_d_frames/Roy_D__frame_000311_seq2941.png,0.9732111096382141,0.9921408891677856,0.9949186444282532,0.9948281645774841,0.9963642954826355,0.9966610670089722
